Screen Name,Name,Description,URL,Location,Time Zone,Number of Tweets,Followers Count,Following ,Listed
@brianp,brian pokorny,@SVAngel. Some people call me Coach. At times I may tweet about the @Warriors.,,San Francisco,Pacific Time (US & Canada),3651,17745,1003,525
@johndoerr,John Doerr,Passionate about helping missionary entrepreneurs create the Next Big Thing. General partner @kpcb.,https://t.co/P42s1vMZSz,,Pacific Time (US & Canada),783,280010,339,3471
@TKKuegler,TK Kuegler,"Co-founder at @WasabiVentures, #Startup Guy, Managing Partner @WasabiStables, #Bourbon Lover, Father, Husband",http://t.co/mUI3M6Ok1x,,,5014,1857,957,248
@scotchisholm,Scot Chisholm,"CEO & Co-founder at @Classy. Host of #ClassyAwards. Investor in @change, @casetext, @iodine, @inDinero, @SFCityFC.",https://t.co/iTjOYslyhT,"San Diego, CA",Pacific Time (US & Canada),4057,7549,363,189
@JasonHirschhorn,Jason Hirschhorn,"CEO, https://t.co/4lENfZ5MAq Interest mixes for curious minds. Newsletter: here https://t.co/0TcOPYBynH ... Board of MGM Studios, Former Sling + MySpace Prez.",https://t.co/hbYAolXQic,New York,Eastern Time (US & Canada),32809,31177,4504,1239
@DaveBalter,Dave Balter,A prom ain't a prom until I walk in.,http://t.co/zPkrXFKSuk,Boston,Eastern Time (US & Canada),971,5012,1400,303
@Benioff,Marc Benioff,Ceo@salesforce.com,https://t.co/vF29RdaIpZ,Salesforce.com,Pacific Time (US & Canada),10727,213501,1574,5234
@venky13,Venky Harinarayan,"entrepreneur (junglee, kosmix, @walmartlabs, amazon marketplace, mechanical turk) and investor (rocketship.vc, milliways, facebook,...)",http://t.co/Acpy7Hu7,San Francisco Bay Area,Pacific Time (US & Canada),478,1508,96,78
@zaoyang,Sizhao Yang,"Co-founder of Zenmarketing.io Co-creator of @farmville. Interested in money protocols, healthcare, mobile, and space.",,San Francisco,Pacific Time (US & Canada),7464,3595,4659,207
@shak,Shakil Khan,Co Founder at https://t.co/9L9KKmHwin - Investor in @Spotify - Friend of @charitywater,https://t.co/TiwNuqqvxo,Airports,London,20883,19719,1995,872
@dcancel,David Cancel,Entrepreneur. Investor. CEO @Drift. Former CEO at Performable (acq) then CPO at HubSpot. SaaS OG. @seekingwisdomio show co-host. INTJ.,https://t.co/9hllpIUy7R,"Cambridge, MA",Eastern Time (US & Canada),10402,110127,548,1674
@mowheeler,Morris Wheeler,Entrepreneur and startup investor posing as an aging endurance athlete. According to CB Insights and Mattermark one of Top 50 seed investors.,http://t.co/zbIzPTTjL1,Anywhere there's adventure,Eastern Time (US & Canada),5676,1749,1479,131
@jtwald,Justin Waldron,"co-founder @zynga. investor @sprig,  @yourmechanic, @trygigster +++",http://t.co/GP7Vjote2w,"san francisco, ca",Pacific Time (US & Canada),225,6141,391,194
@apatzer,Aaron Patzer,Founder of https://t.co/IFKchcVSTJ (@askfountain) & https://t.co/xonO8CSh7W (@mint). Ask about start-ups or algorithms.,https://t.co/XiGPn6OMuL,"San Francisco, CA",Pacific Time (US & Canada),350,11852,166,955
@Caterina,Caterina Fake,"Founder, Findery. Cofounder of Kahvila Siili, Sesat School, Hunch, Flickr. Travel, Sundance, homeschooling, entrepreneurship, art, poetry, film, literature.",https://t.co/swbL3r75np,,Eastern Time (US & Canada),3264,117842,1272,5557
@RonConway,Ron Conway,,,,Pacific Time (US & Canada),381,90853,55,1720
@michaelmyang,Michael Yang,"Entrepreneur, Investor, Board Director, Founder & former CEO, https://t.co/xRTsIYtvjk & https://t.co/l7fU7QMrWq, Husband & father of 4.",http://t.co/kOxzXBAYG7,"La Canada Flintridge, CA",Pacific Time (US & Canada),1545,2139,1554,137
@karl,Karl Jacob,entrepreneur father kiteboarder car guy,http://t.co/bmrhQDUXLn,san francisco,Pacific Time (US & Canada),2367,3495,1141,261
@salsop,Stewart Alsop,Venture capital investor looking for companies that other VCs think are too hard or too early.,https://t.co/YFkCuL0qkg,"san francisco, ca",Pacific Time (US & Canada),3548,13648,3239,788
@pt,Parker Thompson,user generated content,https://t.co/8PJkANrL1b,"Alameda, CA",Pacific Time (US & Canada),8550,8765,2180,285
@RickWebb,Rick Webb,"author, @agencythebook & @mannupbook. revenue @timehop, consultant, native alaskan. co-founded @barbariangroup.",https://t.co/pXAqvwS1l7,Chapel Hill and NYC,Eastern Time (US & Canada),18446,10511,2525,745
@allen_alley,Allen Alley,"Oregonian. Dad, G-pops, husband, opportunity creator...",http://t.co/JJ2ApzVJtc,"Lake Oswego, Oregon, USA",Pacific Time (US & Canada),7574,1933,1129,110
@hirodusk,Adam Wiggins,"Digital toolmaker, team-builder, Heroku cofounder. I'm a lover not a fighter.",http://t.co/1FoMyq6hTr,Terra,Berlin,3114,3932,1021,221
@davidsrose,David S. Rose,"Venture capitalist, entrepreneur, angel investor",http://t.co/78ixfPxGKo,"New York, NY",Eastern Time (US & Canada),2093,14701,182,873
@ed_roman,Ed Roman,"Serial entrepreneur, investor, author, programmer, and startup mentor.",http://t.co/DzfpEm9cPG,"San Francisco, CA",Central Time (US & Canada),209,1975,217,92
@dens,Dennis Crowley,"I like to build things (@Foursquare, @StockadeFC, Dodgeball). Husband to @Chelsa & soon-to-be dad (!!) I enjoy such things as snowboards, soccer & hot dogs.",https://t.co/63fYACg31h,NYC / Kingston,Eastern Time (US & Canada),50370,82066,1742,4463
@edyson,Esther Dyson,Internet court jEsther -- I occupy Esther Dyson.    Founder @HICCup_co         https://t.co/5dWfUSratQ  http://t.co/a1Gmo3FTQv,http://t.co/wxRWvXbXch,"NYC, but usually elsewhere",Quito,4885,54717,1393,2864
@PeterChernin,Peter Chernin,"Chairman & CEO, The Chernin Group",,"Santa Monica, CA",Pacific Time (US & Canada),678,13095,360,144
@thomasryan,Tom Ryan,Three babies & a start-up. CEO @plutotv. Board member @smule @threadless @trunkclub @tattoodo,https://t.co/XzG5cYox5L,Los Angeles,Pacific Time (US & Canada),3381,3127,289,159
@acasalena,Anthony Casalena,"Founder & CEO, Squarespace.",http://t.co/kAj5qL3KW0,NYC,Eastern Time (US & Canada),1227,8318,233,380
@amittm,Amitt Mahajan,"VR/AR Investor, @PresenceCapital; Co-creator, @FarmVille; Serial entrepreneur",https://t.co/FY702JYhMp,"San Francisco, CA",Pacific Time (US & Canada),434,1617,392,114
@SnoopDogg,Snoop Dogg,G7: A Gangster Musical up on https://t.co/jEh08V9PMo,https://t.co/UJo86zowU1,,Pacific Time (US & Canada),34286,13859978,2629,43950
@chrismichel,Christopher Michel,"Photographer, Writer & Traveler. Investor at Nautilus Ventures. Founder Affinity Labs & https://t.co/cVGnn3Kh1g.",https://t.co/sbsIwYvrBC,San Francisco & On the Road,Pacific Time (US & Canada),12494,10884,982,356
@Hornthal,Jim Hornthal,"Parallel entrepreneur, angel investor, educator; CoFounder: Triporati, Zignal Labs, LaunchPad Central, M34 Capital; Faculty: @Haas, @Stanford, @Princeton, @UCSF",http://t.co/HSxwIHW2Ky,San Francisco,,1477,2193,148,150
@SamStella1,SamStella,"Dad, Husband, Farmer. Adtech entrepreneur, operator & investor and often times nerd.

Managing Partner, Tribal Ventures, NYC.  All tweets are my own nonsense.",http://t.co/Wcy3edfyG4,New York City,Atlantic Time (Canada),2023,1297,672,37
@dannyrimer,danny rimer,http://t.co/MJkQXsb0PB,,San Francisco,Arizona,255,22240,563,397
@andyhpalmer,Andy Palmer,"serial entrepreneur who specializes in accelerating the growth of early-stage, mission-driven startups.",http://t.co/vF3HnDTTfL,"Cambridge, MA",Eastern Time (US & Canada),3826,4394,3057,226
@chamath,Chamath Palihapitiya,"First they ignore you, then they ridicule you, then they fight you, and then you win. CEO @SocialCapital; Owner @warriors; Merchant of Progress",http://t.co/FfpXuKoqjD,"Palo Alto, CA",Pacific Time (US & Canada),3336,48000,292,1386
@KlausLovgreen,Klaus Lovgreen,"Investing in companies, bonds, real estate, content development and music rights",http://t.co/2nCTDnLU8C,Monaco,Paris,6840,6052,272,109
@Bobaspinner,Bob Spinner,VC at Jackson Square Ventures,http://t.co/G27JqfWYlP,Bay Area,Pacific Time (US & Canada),15,108,40,5
@jackabraham,Jack Abraham,Former Founder/CEO of Milo - acq. by eBay where I founded the eBay Feed (130M monthly users). Now starting up again.,https://t.co/YHnNVhhc1J,"San Francisco, CA",Pacific Time (US & Canada),1320,7564,434,252
@vikasgupta,Vikas Gupta,Wonder Workshop (@wonderworkshop) -- making learning to code fun and accessible for kids.,http://t.co/wmnsktOsBZ,San Mateo,Pacific Time (US & Canada),1111,1502,317,75
@davemcclure,Dave McClure,Founder & Troublemaker @500Startups.,https://t.co/EOgyBBXXvn,"Silicon Valley, CA",Pacific Time (US & Canada),64122,321499,16101,10825
@msuster,Mark Suster,2x entrepreneur. Sold both companies (last to @salesforce). Now @UpfrontVC looking to invest in passionate entrepreneurs,https://t.co/IG2JtXb7wp,Los Angeles,Pacific Time (US & Canada),33390,247229,1214,9177
@jeffskoll,Jeffrey Skoll,"Founder/Chairman Participant Media, Skoll Foundation, Skoll Global Threats Fund, Capricorn Investment Group",http://t.co/h30SqFa905,"Los Angeles, CA",Pacific Time (US & Canada),145,14015,376,444
@enekoknorr,Eneko Knörr,"Starting tech companies since 1999. Founder at Ludei (Cocoon.io, Cross Platform App Development). Angel Investor.",https://t.co/6ImW02RASA,San Francisco,Pacific Time (US & Canada),4785,14559,4893,1084
@jamesjoaquin,James Joaquin,"Co-founder at Obvious Ventures (former CEO @ Xmarks, Xoom, Ofoto)",http://t.co/cWtS1Ryc7Y,"San Francisco, CA",Pacific Time (US & Canada),2877,4533,647,239
@kevin_scott,Kevin Scott,"SVP Eng & Ops @ LinkedIn, Former Sr. Eng Director @ Google & VP Eng & Ops @ AdMob, Old School Geek, Husband, Father, Hacker of Things Large and Small",,"San Jose, California",Pacific Time (US & Canada),248,1209,54,44
@marekolszewski,Marek Olszewski,VP Engineering @GoDaddy. Previously cofounder of @LocuInc. @MIT CSAIL PhD Dropout.,http://t.co/Gy6EGJuOAV,"San Francisco, CA",,340,231,126,8
@ryan_scott,Ryan Scott,"CEO of @Causecast. Social Entrepreneur/Investor pioneering Employee Engagement in CSR, Corporate Philanthropy, Volunteerism and Community Impact.",http://t.co/9WpgDgIa38,"San Francisco, CA",Pacific Time (US & Canada),2017,14654,13302,648
@NewWayPaddy,Paddy Holahan,"Technology business exec, Angel investor & consultant. Cycling, food, travel & lots of other things...",,"dublin, ireland",Dublin,61,361,123,15
@ventilla,ventilla,Founder and CEO of AltSchool. Previously part of founding team of Google+ and Aardvark.,http://t.co/5wE7x4TBC4,San Francisco,,763,3727,125,227
@jayweintraub,Jay Weintraub,"Founder of https://t.co/UoQ5sTQGgY, Founder ex-CEO https://t.co/P030XvqpNW. Investor, advisor, board member.",https://t.co/z3WQTyZ1q1,"New York, NY",Pacific Time (US & Canada),1180,3394,1079,150
@hrosendahl,Henrik Rosendahl,Henrik Rosendahl is a serial high-tech entrepreneur living in Napa Valley north of San Francisco. See more at: http://t.co/LakGnJAEsG,http://t.co/XLhRZ7ioFl,Bay Area,Pacific Time (US & Canada),689,12913,11583,192
@instigating,lisagansky,entrepreneur. serial instigator. int'l speaker. Tech + shared access 4 economic transformation.Time 2 share value - new models! #SocialOS #Blockchain,https://t.co/NTWsrh4RNX,North California & ,Pacific Time (US & Canada),14473,10937,5591,757
@inakib,Inaki Berenguer,Entrepreneur living the dream in NY. Now CoverWallet. Founded @pixable and @Contactive. Grad from MIT and Cambridge University.,http://t.co/T5ZXupKQr2,NYC,Eastern Time (US & Canada),4706,3781,1331,200
@giordanobc,Giordano Contestabil,"CEO - @bloglovin. mobile veteran. angel investor. NYer / Italian. media, e-commerce, food, fashion, art, design, beauty, truth, randomness",https://t.co/4lhfqZBhdx,NYC,Pacific Time (US & Canada),40768,6392,3374,375
@daveschappell,Dave Schappell,"AWS Startup BD Manager, EMEA (but my tweets are my own horrible opinions...).  Owner of Stella the French Bulldog.",http://t.co/RQGQGdk1Ij,"London, England",Pacific Time (US & Canada),13708,6122,735,445
@n_khanna,Nitin Khanna,"CEO of Mergertech. Producer @TACMayApply, American Water.",http://t.co/wEduWSEgNi,"Portland, OR, USA",Pacific Time (US & Canada),3147,1265,330,67
@MarkusBiegel,Markus Biegel,Small Business Consultant and Entrepreneur. Helping business owners grow their business while growing mine at the same time.,http://t.co/Eo72vAGSet,Los Angeles,Alaska,2175,585,1675,20
@stevejang,Steve Jang,"investor, entrepreneur, surfer, mixtape maker. Advisor: Uber, Expa | Investor: Hyperloop, Uber, Postmates, Lily, Blue Bottle & Locol | Founder: SoundTracking",https://t.co/BpvoaUGnfn,On the Coast,Pacific Time (US & Canada),12926,9598,917,602
@scottbecker,Scott Becker,Mission driven software engineer & PM. Accelerating drug discovery via ML & CS @ Schrodinger (We're Hiring! http://t.co/FD8YxSwuWw). Former CTO @ Invite Media.,http://t.co/Zw1ewMlarD,"New York, NY",Eastern Time (US & Canada),225,1174,141,84
@bradharrison1,Bradley C. Harrison,"Founder/Managing Partner @ScoutVentures; VC - focused on great people; MIT, Sloan '01; USMA '94; Airborne Ranger; Dad to Elvis & Scout; http://t.co/mlvz53kpTO",http://t.co/9kvHappWmr,NYC,,1500,3364,2076,182
@ktulrich,Karl Ulrich,"Wharton Professor. Teach, research, and practice innovation, entrepreneurship, and design.",http://t.co/rsBrViecmd,Philadelphia,,178,1353,172,45
@joshspear,Josh Spear,"Frequent-flyer-mile-collector, sushi addict. Investor: http://t.co/ez0flORQ4p, blog http://t.co/CBVGy4xauv",http://www.joshspear.com,Nomadic,Pacific Time (US & Canada),24724,17330,988,924
@eladgil,Elad Gil,,http://t.co/4PSLlYh0,San Francisco CA,Pacific Time (US & Canada),3307,12553,664,501
@BenjLerer,Ben Lerer,@Thrillist @Jackthreads @LererHippeau; I love the Mets,https://t.co/JTS9L78iqU,NYC,Eastern Time (US & Canada),5809,19030,414,716
@robsolomon1,Rob Solomon,"GoFundMe, CEO; Accel Partners; Groupon President & COO; CEO @ SideStep; SVP at Yahoo; Venture Partner at TCV, Best job ever...game tester at Electronic Arts.",,"Woodside, CA",Pacific Time (US & Canada),200,2196,764,59
@jimpayne,Jim Payne,"EIR at Accel Partners. Co-founder and former CEO of MoPub, a mobile advertising exchange.",http://t.co/oWzCvU7Phh,NYC,Eastern Time (US & Canada),2852,4574,1162,133
@bornryan,Ryan Born,"$20M+ Exit as Founder of AdRev, AudioMicro, & ImageCollect (AudioMicro, Inc.); Entrepreneur, CPA, Angel Investor - WireImage & Internet Marketing SEO, Inc.",https://t.co/JitMVNl3sZ,"Los Angeles, CA",Pacific Time (US & Canada),1715,9323,413,138
@KenAustinAvion,Ken Austin,Please only follow me if you are 21 or older as I tweet about Tequila Avion and other fun things going on,http://t.co/ULl0MH3iER,,,581,467,20,5
@PayamZamani,payam zamani,"entrepreneur, angel investor, #Bahai - Baha'i , father of 2 girls, husband...One Planet Ops, Reply!, Autoweb, TheRealReal, SoulPancake, ChatSports...",https://t.co/g2VDoxvSSd,"San Francisco, CA",Pacific Time (US & Canada),5774,225721,352,299
@Naveen_Jain_CEO,Naveen Jain,"An entrepreneur, dreamer & lover of life. Inspired by the possibility of living in a world where everyone is allowed to dream big and no one is afraid to fail.",http://t.co/FVUKis46k0,"Washington, USA",Pacific Time (US & Canada),3271,57742,87,342
@jaygould,Jay Gould,Proud Dad. Founder of @yashi. Angel investor.,http://t.co/HNBbbCRq2e,New Jersey,Eastern Time (US & Canada),2820,10016,2726,154
@YagoArbeloa,Yago Arbeloa,Presidente de @GroupHelloMedia y de la Asociación de Inversores y Emprendedores de Internet. Inversor en una veintena de compañías de Internet.,https://t.co/RfqLM8u1vE,"41.642004,-0.913786",Madrid,2839,10526,948,569
@JeffEpstein,JeffEpstein,Operating Partner at Bessemer Venture Partners,http://t.co/Ir8gDqKdS5,"Menlo Park, California",Quito,401,922,584,31
@WKortschak,Kortschak Investment,"Early stage VC focusing on data-driven companies in the new media, gaming, SaaS, cloud, new finance, IOT, security and mobile sectors. Film producer @End_Cue.",https://t.co/waGR4EYtqY,"Palo Alto, CA/Kilauea, HI",Pacific Time (US & Canada),472,425,61,21
@mariakeczczi,Mariusz,"Founder of GoldenLine.pl, http://t.co/w5O5R1U9.",,,Greenland,143,262,79,7
@VinnyLingham,Vinny Lingham,"Entrepreneur. Angel. Dragon. Tweets generally about entrepreneurship, startups, technology & Bitcoin. Born in South Africa. Lives in California. CEO of Civic",https://t.co/ogRCgqkGdE,"Palo Alto, California",Pacific Time (US & Canada),7384,16812,3340,497
@ramit,Ramit Sethi,"Author of NYT bestseller, I Will Teach You To Be Rich. 1 million readers on business, careers, negotiation, psych, money. http://t.co/zm6K6EKUD1",http://t.co/Gjx6iYsLN6,NYC / SF,Eastern Time (US & Canada),13283,104130,203,3713
@seanmo,Sean Moriarty,CEO Demand Media,,Los Angeles CA,Pacific Time (US & Canada),481,950,1661,30
@KevinChou,Kevin Chou,"CEO, Kabam.",http://t.co/kROYcaXTt1,"San Francisco, CA",Pacific Time (US & Canada),655,2678,306,78
@kurnit,Scott Kurnit,"Founder/CEO Keep Holdings, Founder http://t.co/OcrLeJLEw6 - Boards: Keep, Brightcove, Stein Eriksen Lodge, Mianus Gorge, Paley Center for Media",http://t.co/8QMor1LI2O,New York,Quito,358,4717,267,287
@johnbattelle,John Battelle,"A Founder of NewCo, sovrn, Federated Media, Web 2 Summit, Industry Standard, Wired; investor and writer on Media, Technology, Culture, Business",http://t.co/8SIE3VrhI7,"Marin, California",Europe/Amsterdam,13942,291036,1655,6417
@SeanBlack,Sean Black,"Founder@Crunched (acq Clearslide) and @Trulia (NYSE: TRLA, acq Zillow)",,New York City,Eastern Time (US & Canada),7814,2055,974,115
@aayushchegg,Aayush Phumbhra,"Co-founder (Nectar, Chegg $CHGG). Investor (Houzz, Curemark, Clever, Hired, Remind, Canva, Buffer, MissMalini, Wanelo, Change, & others). Foodie, Tennis Fan.",,Palo Alto,Pacific Time (US & Canada),411,935,98,49
@mazaic,Fred Mazzella,Founder & CEO of BlaBlaCar - Leading Global Ride Sharing Network with Millions of members - Passions: Social Change / World Music / Kite Surf,http://t.co/9ItER1Wl4u,Paris,Paris,406,8657,188,304
@jeffpulver,Jeff Keni Pulver,"Internet Pioneer, VoIP; Futurist, Entrepreneur, Investor, Gluten Free. Passions: Health, Wellness, Fitness, Food, Photography. #LiveLifeNow #140conf #PulverHWC",https://t.co/0Ea33M2gmd,New York,Eastern Time (US & Canada),92083,544426,40033,7225
@Jason,jason,"Angel investor (@uber @thumbtack @wealthfront + https://t.co/nkssr2WlV4 ) // Founder: @Engadget, @Inside, @LAUNCH & @twistartups [NEW! banned from @ycombinator]",https://t.co/akc7KgXv7J,94123,Pacific Time (US & Canada),74495,266430,22956,12598
@sgblank,steve blank,"Customer Development & Secret History, Teaching at Stanford, Berkeley and Columbia",https://t.co/efZrW3VtAM,Silicon Valley,Pacific Time (US & Canada),1426,155002,7,5809
@e_hahn,Eric Hahn,code. start-ups. sail.,http://t.co/jWoDNkbVDo,"Palo Alto, CA",Pacific Time (US & Canada),182,410,79,62
@JimMoloshok,JimMoloshok,"Digital investor, board member, trusted advisor and friend of the aspiring...",,Los Angeles Calabasas,Pacific Time (US & Canada),95,346,924,11
@drusenko,David Rusenko,"Weebly Founder, part-time DJ and traveling enthusiast",http://t.co/dekquTJNTI,"San Francisco, CA",Pacific Time (US & Canada),503,3618,115,149
@jellyfishbloom,Christina Brodbeck,"Wanderlust sufferer. Managing Partner at Rivet Ventures, First UI Designer at YouTube, Founder of Theicebreak, Angel Investor...",,"San Francisco, CA",Pacific Time (US & Canada),3020,4876,706,372
@LarsHinrichs,Lars Hinrichs,"Entrepreneur, Investor, Father & Executive Geek at HackFwd, CEO Cinco Capital, TEDster, YL@AB, YPO, YGL, RL, DLD fan. Quality tweeting since April 2007",http://t.co/QQ00OSYcuS,Hamburg,Berlin,5076,15795,1233,1068
@erikbl,Erik Blachford,"https://t.co/tIS7SKuo3H, @zillow,@glassdoor,@liftopia,@chooseenergy,@siteminder,@varsitytutors,@cuttingball,@World_Wildlife @CampNominingue @ridepeloton,",https://t.co/l59XqDpHOe,San Francisco,Pacific Time (US & Canada),916,1641,318,59
@rl_thompson,Rick Thompson,Technology entrepreneur and investor @SigniaVC,http://t.co/50meMr3q3p,"Menlo Park, CA",Pacific Time (US & Canada),135,3078,276,66
@bazaarbrett,Татьяна Рожко,"В наше время счастье - это ложиться спать и просыпаться когда хочешь, а не когда надо.",,Тихвин,London,1354,10367,587,1
@patrickc,Patrick Collison,"Fallibilist, optimist. Stripe CEO.",https://t.co/6iOvWjKwGj,patrick@stripe.com,Dublin,10504,38214,1452,1149
@crashdev,Chris DeVore,Professional troublemaker | Founders' Co-op | Techstars Seattle | Stanford GSB | Yale + Y150,http://t.co/yr3PJ3eP7A,Seattle,Pacific Time (US & Canada),4525,7410,541,474
@tientzuo,Tien Tzuo,CEO of @zuora.  Follow @zuora!,http://t.co/3e9U63UxNb,San Francisco,Pacific Time (US & Canada),1092,3620,77,159
@TinaSharkey,TinaSharkey,Partner @sherpafoundry / Venture Partner @sherpa / BOD @ipsy + @BritandCo + @beepi + @domeetings / Former CEO @BabyCenter / Entrepreneur / Angel / Wisdom seeker,,,,2930,5418,1209,332
@BlakeMycoskie,Blake Mycoskie,Chief Shoe Giver and Founder of TOMS. One for One.,http://t.co/wdJeQfcKAJ,everywhere,Pacific Time (US & Canada),1189,61253,132,1649
@rchen,Richard Chen,International Daddy of Mystery. Investor. My drunk thoughts are often better than their sober ones.,https://t.co/y4cb6TjW9H,"Oakland, CA, USA",Pacific Time (US & Canada),8641,3315,197,156
@TonyRobbins,Tony Robbins,"#1 New York Times best-selling author, life and business strategist, philanthropist, entrepreneur https://t.co/xFvo0d5SbY",https://t.co/z4nILuMMU8,USA,Pacific Time (US & Canada),6726,2770743,998,27824
@tedserbinski,Ted Serbinski,Managing Director @Techstars Mobility. Fueling the startup renaissance in Detroit. Building things and helping people. @Cornell alum. Dad of 2 w/ @MomNutrition,https://t.co/2QJoa7Vyxh,"Detroit, MI",Eastern Time (US & Canada),5448,4181,563,319
@waltdoyle,Walt Doyle,Be relevant. Drive commerce.,http://t.co/zOn4kmbPhY,,Eastern Time (US & Canada),1412,1786,1243,96
@ManuKumar,Manu Kumar,Entrepreneur turned Investor. Chief Firestarter at @K9Ventures.,http://t.co/4lomDzCGbE,"Palo Alto, CA",Pacific Time (US & Canada),17326,27106,1522,1273
@cavsdan,Dan Gilbert,Family Man.Own Cavs.Chief Quicken Loans &Fathead Dude. Love DET&CLE. Believe in holding bad guys accountable.We all have power to think&positively impact world.,https://t.co/sKZLzYwJeu,Detroit and Cleveland,Eastern Time (US & Canada),1322,218745,738,1962
@ohadgliksman,Ohad Gliksman,CEO of Feature Forward. Passionate about the application of algorithms in advertising,https://t.co/pvRXe8aazB,"Tel Aviv, Israel",Jerusalem,205,216,131,1
@mattocko,Matthew Ocko,"Venture capitalist (@DCVC). Technologist. Husband-ist. Dad-ist. Friend-ist. Real wood fires, evenings w/ good food, wine & friends, & neat sci-fi.  ♥ != endorse",http://t.co/SEcZyXPlK4,San Francisco Bay Area,Alaska,36918,7112,1000,498
@abatalion,Aaron Batalion,"Now: Partner, Lightspeed Venture Partners. Past: Founder + 1st CTO, LivingSocial",https://t.co/NZsVGsiKsV,"San Francisco, CA",Atlantic Time (Canada),6409,5906,1005,434
@peterpham,Peter Pham,"1st on the Dance Floor. Co-Founder @scienceinc - In 4yrs we've incubated Dollar Shave Club, DogVacay & Wishbone along with a few others.",https://t.co/1Uxhh4rhYS,"Manhattan Beach, CA",Pacific Time (US & Canada),23220,24760,1264,1186
@KiteVC,Bill Tai (KiteVC),"VC Investor, Adjunct Prof & Sponsored Athlete. Chairman @TreasureData, BOD @BitFuryGroup, @Voxer. Seed @Tweetdeck/@Twitter, @TangoMe, @WishShopping, @Zoom_us",https://t.co/9ggknzhotz,"ÜT: 37.45558,-122.187765",Pacific Time (US & Canada),7585,17732,905,495
@kipmcc,Kip McClanahan,Early-stage investor @SilvertonVC: @Sparefoot @WPengine former exec & board member for public & private companies. 34-year Austinite #atx owner of #Pershing,http://t.co/YyNcQzQEpk,"Austin, Texas",Central Time (US & Canada),1208,6160,721,216
@heiligerj,Jonathan Heiliger,"Former @Facebook, Founder and Investor @VertexVC & @CoolanCo. I love finding simple ways of building complex things.",http://t.co/HUA3w7wGO6,Palo Alto,Pacific Time (US & Canada),450,1456,131,83
@royrubin05,Roy Rubin,"Co-Founder, former CEO, Magento (acquired by eBay) / Investor: @loopcommerce, @anyroad, @taxjar / Advisor: BookMD, @orocrm, @namogoosecurity, @akeneopim",https://t.co/9727WmVdNo,"Los Angeles, CA",Pacific Time (US & Canada),7546,8707,489,434
@RachelZoe,Rachel Zoe,"Designer, editor, stylist, author, mother. Get inspiration from me and my team @thezoereport XoRZ",https://t.co/qukfplMMeV,Los Angeles,Pacific Time (US & Canada),9415,3348664,246,13255
@TheAmericanCEO,The American CEO,"By CEO & Navy vet Joel Trammell. Author, The CEO Tightrope: http://t.co/j3JRsWZj. @TheKhorus CEO. @ATCouncil Chair Emeritus. @Forbes & @Entrepreneur Contributor",http://t.co/5BsOR1erlw,"Austin, Texas",Eastern Time (US & Canada),5229,2682,2286,151
@rsarver,Ryan Sarver,"Partner at @redpointvc. Investor in @luxevalet @memoir. Ex-Twitter. Partner at @AltaCAsf. @devon's lesser half, co-creator of @milosarver",http://t.co/haIAdDTAdB,"San Francisco, CA",Pacific Time (US & Canada),30471,284637,2852,2175
@rezahussein,Reza Hussein,"Co-founder Jambool. Entrepreneurship, food, snowboarding, gadgets, more food.",http://t.co/DC5ocu3VYH,"San Francisco, CA",Pacific Time (US & Canada),438,263,207,32
@bchesky,Brian Chesky,"Co-founder, CEO of Airbnb",https://t.co/TW8fTnLWiF,San Francisco,Hawaii,2449,119223,92,2444
@richardbranson,Richard Branson,"Tie-loathing adventurer, philanthropist & troublemaker, who believes in turning ideas into reality. Otherwise known as Dr Yes at @virgin!",http://t.co/pWM2y98gTu,,London,11694,7525432,3848,45983
@godardabel,Godard Abel,Entrepreneur @SteelBrick @Salesforce @G2Crowd,https://t.co/1ra0kVp3Sq,,Central Time (US & Canada),998,934,187,72
@parkparadigm,Sean Park,"Skating to where the puck will be. 
Also @anthemis.",http://t.co/f08PU0YuEx,Europe,London,8807,2608,539,230
@danmartell,Dan Martell,I help entrepreneurs build technology products that change the world. Canadian. 5x founder (2x VC funded) / 3x exits. Speaker & award winning angel investor.,https://t.co/EAH6to6Oyr,Canada,Pacific Time (US & Canada),32661,50319,2131,3158
@munjalshah,Munjal,"@healthiqapp CEO, CEO @Like.com (sold to @google).  CEO of Andale (sold to @alibaba).  Advisor: @taskrabbit, Rocketfuel, Kabam, Meebo, Counsyl, and more",,"ÜT: 37.392781,-122.087388",Pacific Time (US & Canada),75,1364,159,88
@hpvigil,Hank Vigil,"Raconteur, Epicure, Provocateur.  Consigliere of acecap; Jefe of hankco",,,Pacific Time (US & Canada),23,367,254,10
@jevon,Jevon,co-founder: a new thing. Board: @npmjs and @voltaeffect Past: co-founder GoInstant (acq Salesforce'12),,Canada,Atlantic Time (Canada),19236,6142,3474,367
@gmc,Gmc,CEO @expa,http://t.co/z8QfRuXPaC,,Pacific Time (US & Canada),19250,26500,1364,1399
@ImpactatScale,Tabreez Verjee,Investor & Advocate for tech entrepreneurs who see business as a scalable force for good.  Board Director @Kiva,,,,343,733,394,50
@davehoover,Dave Hoover,#Ethereum & #Bitcoin enthusiast. Writing software @ConsenSysLLC. Advising @ideo. @DevBootcamp co-founder. @apprenticeshipp co-author. Husband & father.,https://t.co/mDYwYXxzkO,Wheaton & Chicago,Central Time (US & Canada),20486,5194,191,395
@samyagan,samyagan,"Vice-Chair of @Match, Co-Founder of @OkCupid, @CorazonCap, @TechStars #chi, @SparkNotes, & eDonkey",,,Central Time (US & Canada),447,4421,116,185
@orenzeev,oren zeev,,,,Pacific Time (US & Canada),186,704,107,18
@grosz,Denis Grosz,President of Conjecture Corporation. Investor/Advisor in internet startups.,http://t.co/HuKQJfPywT,,Pacific Time (US & Canada),131,177,31,7
@natsturner,Nat Turner,Co-Founder/CEO of Flatiron Health. Previously Co-Founder/CEO of Invite Media. Golfer. Pixel Doctor. Husband to @alliejoturner.,http://t.co/I0bLwqsDdR,NYC,Eastern Time (US & Canada),7745,5912,587,309
@seikatsu,Sten Tamkivi,"I help free people move and make governments compete for every citizen. Co-founder & CEO @TeleportInc +
#EstonianMafia #SkypeMafia EIR @a16z",https://t.co/JJd9cGZJm6,Palo Alto / Tallinn,Tallinn,11983,19559,750,374
@brockpierce,Ƀrock Pierce,#Venture #Capitalist & #Entrepreneur - Managing Partner @ #Blockchain Capital & Chairman of #Bitcoin Foundation - #Founder of 10+ companies. #FinTech,https://t.co/0pz18YyeZd,Global,Alaska,8755,11398,2747,480
@elatable,Bradley Horowitz,"VP Streams, Photos, and Sharing @ Google",http://t.co/YVUEeue3SE,"Mountain View, CA",Pacific Time (US & Canada),1107,53357,3770,1546
@carlbyers,Carl Byers,Focused on ventures to improve the world. 12 years as CFO @athenahealth. Teaching finance at Harvard (HKS and HSPH). Executive Partner @FPrimeCapital.,,"Lexington, MA",Eastern Time (US & Canada),240,485,825,23
@EllenLevy,Ellen Levy,,http://t.co/lEZH4o4h,,Pacific Time (US & Canada),2640,3878,834,199
@jerrycolonna,Jerry Colonna,Coach and CEO @RebootHQ,http://t.co/vU1LSvWpxG,New York,,5701,7351,1156,367
@ev,Ev Williams,Here,https://t.co/vYvvfwUXUC,"San Francisco, CA, US",Pacific Time (US & Canada),7886,1947180,1719,20635
@adamnash,Adam Nash,CEO @Wealthfront. Inevitably optimistic. Slightly amusing. Always talking.,http://t.co/jKSCGBHq6G,Silicon Valley,Pacific Time (US & Canada),22286,18726,1587,866
@NickHanauer,Nick Hanauer,"Entrepreneur, venture capitalist, civic activist, philanthropist, author.  Read our new book, The Gardens of Democracy.",https://t.co/RYqhoo1nmW,Seattle,Pacific Time (US & Canada),6577,20039,196,733
@rogerdickey,Roger Dickey,"Founder of Mafia Wars ($1B revenue), Founder of Gigster (We make apps!), angel investor",http://t.co/3zEDlV855R,"SF, USA",Pacific Time (US & Canada),1771,2323,196,173
@davidu,☁ David Ulevitch ☁,Delivering enterprise security @Cisco that protects and delights millions. — I play the long game. – Founder / CEO @OpenDNS,https://t.co/Ji2djwvx8r,SFO,Pacific Time (US & Canada),8364,9467,816,475
@GregBuzzFeed,Greg Coleman,"President, BuzzFeed / Digital Media Executive / Adjunct Professor NYU Stern Business School.",http://t.co/UhQYtG0YWy,"New York, NY",Pacific Time (US & Canada),2531,4685,2335,151
@jose_marin81,jose marin,Doing Crossfit Everyday....improve your mind by your body....just be yourself....,,,,56,34,87,0
@PaulSagan1,Paul Sagan,XIR @GCVP. Working w/best tech founders. Director @Akamai @datto @L2_Digital @EMC @VMware @ProPublica @MassEducation #digitalriptide Links/RTs r not endorsement,http://t.co/rnNb7MPLGf,,Eastern Time (US & Canada),303,788,197,45
@2pasc,Pascal Levy Garboua,"Business @Checkr // Co-founder @OnDemandCo, @SixDoorsHQ & @VirtuOz (Nuance) // Investor http://t.co/yWoxW1O9NV // Former @eBay // Father of 2",http://t.co/wn62YxSt3y,San Francisco,Pacific Time (US & Canada),2991,1078,445,77
@RadarKC,Kevin Compton,"Geeky investor, married my best friend, huge fan of our three kids!  Ironically, I love irony. @SanJoseSharks #goodcoffeeplease",,California or Hawaii,Arizona,775,479,324,13
@davemorin,Dave Morin,"Founder & Partner, @Slow Ventures",https://t.co/Qsq0rtQuQY,CA / NY / MT,Pacific Time (US & Canada),9148,462551,873,5736
@trivediravi,Ravi Trivedi,"Building https://t.co/OBjUYHrYTu. Product Manager, Growth Hacker, Angel Investor. Ex - VC, Ex- Equity Analyst. Built https://t.co/8mX98P4kkC @ Srijan Capital",http://t.co/PHSWjEXOx0,"Bangalore, India",New Delhi,750,2777,1892,158
@Harjeet,Harjeet,Co-founder Triplebyte.,http://t.co/uglZDZ1l0d,"iPhone: 49.284729,-123.109573",London,4071,12243,139,516
@gregwaldorf,Greg Waldorf,CEO of @Invoice2go. Boards at @VivaReal @Grovo @ViewTheSpace @Zillow @Trulia CEO-not-in-Residence @accel,http://t.co/XNxHzBRl90,Palo Alto,Pacific Time (US & Canada),903,1129,359,55
@gfcampbell,gerry campbell,Author of Demand Horizon. Family man and adventure seeker.,,"los angeles, ca",Eastern Time (US & Canada),2006,17544,593,104
@deepnishar,dnishar,,http://t.co/vtXcgrFfb2,,Pacific Time (US & Canada),375,3354,118,92
@davemorgannyc,Dave Morgan,"Tech entrepreneur and investor. Founder of Real Media, TACODA and now Simulmedia. Building marketing platform of the future. Run a lot.",https://t.co/3QuwmcRepr,"New York, NY",Eastern Time (US & Canada),6744,9065,1100,498
@mwseibel,Michael Seibel,Partner at Y-Combinator #ycombinator michael@ycombinator.com (previously co-founder of https://t.co/fokV35IlF5 and Socialcam),https://t.co/mvvU8toFEi,San Francisco,Pacific Time (US & Canada),1269,8469,138,346
@fabricegrinda,Fabrice Grinda,"Entrepreneur, student and lover of life and aspiring Renaissance man",http://t.co/JfKOOt7W8K,New York,Eastern Time (US & Canada),1072,9687,39,464
@alexbard,alex bard,"Big dreamer, ceo @CampaignMonitor, Advisor / Investor in startups, explorer & wino",http://t.co/pu8JVkjxe2,United States / Australia,Arizona,3680,4098,947,236
@zachweinberg,Zach Weinberg,"Co-founder of Flatiron Health. Previously Co-Founder/President of Invite Media (now part of Google), Angel Investor.",,NYC,Eastern Time (US & Canada),970,3098,212,168
@amitgupta007,Amit Gupta @ InMobi,Passionate Mobile Entrepreneur,http://t.co/HZ4vsG0Yb8,Bay Area / Bangalore,Pacific Time (US & Canada),1537,3356,212,79
@ceounplugged,Justin Kitch,,http://t.co/N2SMQqlRTb,,Arizona,878,248,78,11
@fredwilson,Fred Wilson,I am a VC,http://t.co/Ws012GffKI,New York City,Eastern Time (US & Canada),12464,538393,1058,12608
@erikhmoore,e,Follow my main account - @basevc.,http://t.co/cF5Xaj86gu,"Berkeley, CA",,3,76,5,2
@datarama,Martin Sinner,,http://t.co/ptTIrNa7qo,Berlin,Berlin,135,1047,624,44
@gralston,Geoff Ralston,"Founder Imagine K12. Partner Y Combinator.
Angel Investor.",http://t.co/lYkEW78vUf,Atherton,Pacific Time (US & Canada),1191,6631,770,304
@peterthiel,Peter Thiel,"Technology entrepreneur, investor, philanthropist.",http://t.co/fDo1nuj2Rx,San Francisco,Quito,1,115468,0,2582
@JustinYoshimura,Justin Yoshimura,Huh?,http://t.co/STxASHMeaa,"Portland, OR",Pacific Time (US & Canada),3,37,17,0
@kevaldesai,Keval Desai,"partner @InterWestVC, product @Google, @Digg, @GlobalVillage, @Tandem, co-founder @Achex, tweets are my opinions, RTs are not endorsements",http://t.co/beI1yN2ZzF,San Francisco,Pacific Time (US & Canada),9485,3901,3184,264
@aberrey,Adam Berrey,I'm curious about how the world is changing in radical ways. I'm also the CEO of Curoverse where we're building a new generation of data science infrastructure.,http://t.co/aohiijxDxt,"Boston, MA",Eastern Time (US & Canada),247,405,182,35
@jgsilverman,Josh silverman,"EiR @Greylock. Former President, Amex Consumer biz. Former CEO of Skype, https://t.co/oMw4WblwA4, Evite. Tweets entirely my own. Amex-related pls tweet @AskAmex",,,,418,2302,288,76
@eytanelbaz,Eytan Elbaz,,,,,191,1177,376,54
@marallo,Mike Edwards,,http://t.co/VswxjBCOOT,"Vancouver, BC",Pacific Time (US & Canada),744,1396,197,66
@KevinColleran,Kevin Colleran,"Managing Director/Investor @Slow Ventures, Advisor @ General Catalyst (@gcvp), Wall Street Journal  Columnist. First 10 Employee @Facebook",http://t.co/ALC2gq1feP,"Boston, MA",Eastern Time (US & Canada),261,6459,499,332
@steveobd,steve olechowski,"Co-founder, Blinkfire Analytics-Sposorship integlligence for sports and ent http://t.co/R68rddYPtX  Previous: Co-founder of FeedBurner, Mobile Ads PM at Google",http://t.co/zCFufBnOuZ,"iPhone: 41.896648,-88.056412",Central Time (US & Canada),3251,966,439,85
@rewolpert,Richard Wolpert,,,"iPhone: 37.786636,-122.410004",Alaska,1229,6045,6627,196
@yishan,Yishan Wong,Cloud as a Service,https://t.co/48eakU0kVU,,Pacific Time (US & Canada),1037,4115,121,132
@jaybaer,Jay Baer,"The most re-tweeted person in the world among digital marketers. Author, speaker, podcaster, investor. President of @Convince. https://t.co/aDBngmVr2S",https://t.co/z9Nw4xu0Zu,"Bloomington, Indiana",Eastern Time (US & Canada),47602,203926,30113,15040
@adamjacksonsf,Adam Jackson,"Co-Founder / CEO of @drondemand
http://t.co/E8ohLw5DGY",http://t.co/23SrYpfYS5,"San Francisco, CA",Pacific Time (US & Canada),1233,1430,30,130
@dafrankel,David Frankel,"Managing Partner @fcollective, Founder/CEO @IS_global 1st investor @Coupang, @pocket, @flyVolaris @opower BOD @seatgeek, @pillpack, @olo, @paddle8, @datalot",https://t.co/xF2GhtIlSt,Boston / NY,,4317,6737,1789,349
@zawthet,Zaw Thet,Tech Entrepreneur & VC Founding Partner @signiavc // Host of #MeetTheOperators,https://t.co/O2GKRveSpz,San Francisco,Alaska,5659,16047,3320,440
@dropalltables,Kevin Mahaffey,"Entrepreneur, Hacker, Snowboarder, Photographer, Kitesurfer, Investor. Founder/CTO @ Lookout. Opinions are my own. https://t.co/mZgTkZHNI2",http://t.co/zmEvR6Qb,"San Francisco, CA",Pacific Time (US & Canada),1285,1641,436,122
@robemrich,Rob Emrich,CEO of @mobile_majority. First and largest vertically integrated mobile ad platform. 6X Founder & CEO. Seeking meaning and purpose though entreprenuership.,http://t.co/UkBhyzvai5,"Santa Monica, CA",Eastern Time (US & Canada),662,4693,1253,43
@duncanjennings,Duncan Jennings,Internet Entrepreneur. Founder @vouchercodesuk,,London,Amsterdam,89,392,159,28
@Benlin0000,Ben Lin,Early stage vc investor. Managing Partner at Great Oaks and Venture Partner at IDG Capital,http://t.co/w1WAMLKfvK,nyc,,108,296,68,31
@Rasiej,Andrew Rasiej,"Civic Entrepreneur, Founder of Personal Democracy Media, Civic Hall, Senior Advisor to the Sunlight Foundation, Chairman of NY TechMeetup",http://t.co/ccKT4T9k0d,New York City,Eastern Time (US & Canada),4696,10971,1322,813
@davelerner,dave lerner,"host @venturestudio podcast, subscribe: https://t.co/naJLUycQIi | entrepreneur (2 exits) | angel in 60+ co's | director @columbiaeship | eship prof @ columbia",http://t.co/voU3pTgE58,"New York, NY",Eastern Time (US & Canada),10864,10177,2774,640
@tonsing,Raymond Tonsing,"Working hard at Caffeinated Capital. Passionate about ff, meaningful innovation, cycling, & caffe. Investor @affirm @colorgenomics @docker @opendoor @sapho",https://t.co/uoS8DOG9w4,San Francisco,Pacific Time (US & Canada),3159,1905,1995,114
@frydave,David Fry,"Founder of Fry, Inc., an e-commerce services company. Now CTO at Fry Communications, chairman at I-5 Publishing, and Michigan angel investor.",http://t.co/Npqo98S9u8,"Ann Arbor, MI",Eastern Time (US & Canada),4219,1025,623,63
@curiousoffice,Kelly Smith,"VP Digital, Starbucks China
 (opinions and thoughts here are my own)",http://t.co/MgHxv0A8P3,"Shanghai, China",Alaska,3244,2798,946,145
@sohailprasad,Sohail Prasad,"Founder, CEO @Equidate. @YCombinator alum. Founding Partner at S2 Capital. Once: PM @Zynga, @Google, @CarnegieMellon, @Chartboost. Investor @Zenefits & 45+ more",http://t.co/oelVLrSet8,"San Francisco, CA",Eastern Time (US & Canada),416,576,875,43
@ZachNelson,Zach Nelson,,,,Pacific Time (US & Canada),366,47148,658,133
@martenmickos,Mårten Mickos,Silicon Valley Finn passionate about leadership and disruptive businesses in an open and distributed world. HackerOne CEO.,http://t.co/EkVtid1aTg,"San Francisco, CA",Pacific Time (US & Canada),8087,18068,116,973
@marcos_galperin,Marcos Galperin,Fundador y CEO de http://t.co/tDLgI9H4d5,,,Santiago,889,16835,26,347
@Percival,Sean Percival,Partner at @500Startups. Working on @500Nordics and improving my posture.,https://t.co/UjHdf9Vwbp,Silicon Valley and the Nordics,Pacific Time (US & Canada),30119,21496,860,1864
@alexkrug,Alex Krug,"Partner @ginlane. Founding team @behance (acq @adobe) Reside East Coast, From the Midwest.",https://t.co/kopcgw3xn6,New York City,Eastern Time (US & Canada),2218,871,1280,37
@stiglitz,Giuliano Stiglitz,Founder & CEO at Latam Digital Ventures,http://t.co/x38H3Pcfye,Key Biscayne,Eastern Time (US & Canada),157,298,41,15
@kperdew,Kelly Perdew,"Entrepreneur, Author, Apprentice Winner, and Father of Twins!",http://t.co/LQUi1xI3pS,Los Angeles,Pacific Time (US & Canada),1047,2708,1868,139
@GeorgeKellerman,George Kellerman,"All things tech. Living the dream by being a good husband and father, surfing, sailing, skating, and powered hang gliding!",http://t.co/AjWd1BLP5v,"Menlo Park, CA",Pacific Time (US & Canada),558,1647,1273,96
@kevinryan,kevin ryan,,,,Eastern Time (US & Canada),20,2376,56,114
@yougo,Jugoslav Petkovic,"Works hard on interesting things | Bridging South East Europe & Silicon Valley | Culinary connoisseur and wine, coffee & spirits aficionado",http://t.co/6unmHvMNwv,San Francisco,Pacific Time (US & Canada),3813,3758,64,112
@steven_cox,Steven Cox,Steven Cox - Incredible Experiences with Incredible People. Founder of http://t.co/Bd5txxN90X.,http://t.co/j2iFNpDPgu,"San Diego, CA",Pacific Time (US & Canada),5397,6544,1255,145
@vijayshekhar,Vijay Shekhar,Capitalist. Hippy. Founder & CEO Paytm / One97,https://t.co/aWZC5qgaWT,New Delhi,New Delhi,23066,41292,557,448
@ullastweets,Ullas Naik,Founder Streamlined Ventures,http://t.co/Sct2WBzOYO,San Francisco Bay Area,Pacific Time (US & Canada),116,518,466,53
@BernieHernie,Bernardo Hernandez,Love to entertain ideas and make them happen,http://t.co/91ctrWick3,New York,Madrid,1817,24342,168,1506
@nist,Scott Banister,Angel investor. Fan of the original open-source operating system: the US Constitution. Member of Altruists for Ayn Rand. Married to @cyantist.,https://t.co/8d4VdCdB0U,San Francisco,Pacific Time (US & Canada),5991,7127,788,342
@scottbelsky,Scott Belsky,"General Partner, Benchmark. Founder of @Behance & @99U ; Author of Making Ideas Happen; Lifelong student of quite a few other things.",https://t.co/V6zYbyVpVN,NY/SF,Eastern Time (US & Canada),10027,61452,890,3485
@jaltucher,James Altucher,"For some reason, I've turned myself inside out and all my guts have spilled onto my blog.  Follow me on Instagram also at 
https://t.co/3tCmZQI4HV",http://t.co/En3jVHoXiX,NYC,Eastern Time (US & Canada),39373,155812,10680,4963
@barneyh,Barney Harford,"Chairman @LolaTravelCo; BOD @United, @LiquidPlanner; Former @Orbitz, @Expedia",,"Chicago, IL, USA",Central Time (US & Canada),266,3377,332,143
@hunterwalk,Hunter Walk,"You'll find me @homebrew, Seed Stage Venture Fund w @satyap. Made products at YouTube, Google & SecondLife. Snap: hunterwalk",https://t.co/gINrcfRn0k,san francisco,Pacific Time (US & Canada),42432,109587,847,3594
@moskov,Dustin Moskovitz,"I work on projects that help humanity thrive: @asana (co-founder), @GoodVentures, @vicariousinc",https://t.co/njPkLGleFo,"San Francisco, CA",Pacific Time (US & Canada),1053,20216,136,544
@UrgentSpeed,Jeff Stewart,"Entrepreneur, Investor, Inventor, Chairman https://t.co/sBQQCyNc7a & https://t.co/Fg6S9kpqAB",http://t.co/nq00nA9H6S,"New York, Airports",Central Time (US & Canada),2647,2391,643,184
@JohnMaloney,John Maloney,"Founder Terrapin Bale, Former President Tumblr, Co-Founder UrbanBaby, Startup Investor, Dad, Bike Advocate",https://t.co/DAQdHjAIUJ,Brooklyn.Venice,Eastern Time (US & Canada),3857,5111,872,332
@bobbickel,bobbickel,"Technology, Coaching, Running",https://t.co/9jry6VvTVj,"Moorestown, NJ",Eastern Time (US & Canada),2937,505,45,25
@mwalsh,mike walsh,"investor in Uber, Surf Air, Breather, Cargomatic, Shyp, Pogoseat, Peerspace, Salesforce and 100+. Proud Dad. https://t.co/g3w6Zc5sio, https://t.co/NOrHM0fQ4J",https://t.co/g3w6Zc5sio,san francisco,Pacific Time (US & Canada),18750,6270,1843,347
@mattturck,Matt Turck,"VC at FirstMark. Organizer, Data Driven NYC and Hardwired NYC.  I came from afar, just to say Bonsoir.",http://t.co/SbX3ClJPfB,New York,,4973,9039,1051,522
@mkapor,Mitch Kapor,"entrepreneur, investor, activist",http://t.co/GFXeajXNsA,Oakland,Pacific Time (US & Canada),6098,107887,502,4350
@gweston,Graham Weston,"Rackspace Hosting, Chairman & Co-founder",http://t.co/A32q6p0mtV,"San Antonio, Texas, USA",Central Time (US & Canada),790,4394,240,271
@abresler,Alex Bresler,The stop-watch of history is running. The race is on . .,http://t.co/YZBWSsqW9j,Gotham,Eastern Time (US & Canada),27579,1660,2128,193
@ericries,Eric Ries,Trying to change how startups are built.,http://t.co/c6IU6qpWMj,SF,Alaska,27717,259132,1037,9260
@mlevchin,Max Levchin,"Entrepreneur (PayPal, Slide, HVF, Affirm, Glow), investor (Yelp, etc), coder, cyclist, coffee snob. My views are my own.",http://t.co/U8U8oU5nK6,"SF, CA",Pacific Time (US & Canada),2177,160340,340,3850
@erif,Evan Rifkin,co-founder burstly. wannabe angel investor.,http://t.co/zAbVrcrYSz,santa monica,Pacific Time (US & Canada),1277,2373,474,186
@iggyfanlo,Iggy Fanlo,"finance, technology, medicine/health",,San Francisco,Pacific Time (US & Canada),827,934,329,67
@mrgirish,Girish Mathrubootham,Founder & CEO - Freshdesk,http://t.co/wbRLI2tDPT,"Chennai, India",Central Time (US & Canada),946,5054,391,105
@briansugar,Brian Sugar,@popsugar @shopstyle @everlane @roadsterusa partner in crime with @lisasugar,,,Hawaii,4934,3388,962,111
@barneyp,Barney Pell,"Barney Pell is an entrepreneur and angel. Now: LocoMobi, Moon Express, Singularity U.  Prev: Bing, Powerset, Mayfield, NASA, AI games pioneer.",http://t.co/ZOrn0gHMvX,San Francisco,Pacific Time (US & Canada),5107,5101,1613,476
@spencerrascoff,Spencer Rascoff,"CEO @ZillowGroup (@zillow @trulia @streeteasy @hotpads @nakedapartments); husband, father; Author, Zillow Talk. Director of $Z $ZG, $TRIP & @JulepMaven",https://t.co/HAI1W2babU,Seattle WA,Pacific Time (US & Canada),15924,36804,297,948
@adharni,Anil Dharni,"COO GREE International, Founder Funzio, Co-Founder Storm8; VP Product hi5, Mobile/Internet entrepreneur",http://t.co/IrHCSVo11t,San Francisco,Pacific Time (US & Canada),1327,1867,311,135
@pud,Philip Kaplan,"Maker of websites & iPhone apps. Founder of @DistroKid, @Fandalism, @TinyLetter, F-dcompany, AdBrite, others. Heavy metal drummer. Wrote a book once.",https://t.co/YGIRI5xiaP,SF / NYC,Pacific Time (US & Canada),11019,46589,1310,1695
@KyleWidrick,Kyle Widrick,Venture Capital & Brand Building,,NYC,Eastern Time (US & Canada),740,441,257,9
@paulsethi,Paul Sethi,EntreprAngel @REDBOOKS | PKS | Rugged VC,http://t.co/nndVQwFxSj,NYC,Eastern Time (US & Canada),368,1067,189,72
@GSRubenstein,Gordon Rubenstein,"Raine Ventures. Creating, building, and investing in the next generation of digital media.",http://t.co/2ItQCU28AB,LA SF NY Asia Europe,Pacific Time (US & Canada),567,346,142,22
@binhtran,Binh Tran,500 Startups Venture Partner / Co-founded Klout,http://t.co/yiBwmv0kcM,"San Francisco, CA",Pacific Time (US & Canada),2078,3488,1083,238
@Wayne,Wayne Chang,"Entrepreneur. Angel investor in 40+ co's. Realist. Chairman/co-Founder @Crashlytics (acquired by @Twitter). Prev: @Dropbox, @Napster, & more. Travel junkie.",https://t.co/prRcMgdq6C,Now @Twitter (via acquisition),Eastern Time (US & Canada),6337,42040,363,491
@stormzplatform,Stormz,"By combining methodology and digital technology, Stormz designs and facilitates huge collaborative events that engage your teams.",http://t.co/8Dj4ejYEWa,Paris,Greenland,524,398,130,38
@KenLeonard0,Ken Leonard,serial entrepreneur,,San Francisco,Pacific Time (US & Canada),90,34,30,6
@ekagan26,Eric Kagan,Managing Partner @SierraMaya360 & KGN Holdings. Investor/Advisor @hangwith @fullcolorgames @islideusa Boston Sports Fan #BostonStrong,http://t.co/4QtJ47uMTv,"Boston, Massachusetts, USA",Eastern Time (US & Canada),3607,1023,2426,49
@eab0828,Eric Benhamou,,http://t.co/PX7YzYTOQN,Palo Alto,Pacific Time (US & Canada),11,91,23,0
@adamquinton,Adam Quinton,Investor/Advisor @LucasPointV | Board Member @talentinnovate @ihousenyc @pinksandgreens EIR @hewlettpartners | Adjunct Prof @ColumbiaSIPA,https://t.co/QbjKjqutuc,New York Metro,Central Time (US & Canada),18535,5781,4245,557
@TedLeonsis,Ted Leonsis,"Entrepreneur, Sports Team Owner, Philanthropist, Venture Capitalist, and Filmmaker. Follow me for regular updates from my blog, Ted's Take.",https://t.co/8okkbeM5UD,"Potomac, Maryland",Central Time (US & Canada),9350,44995,267,1809
@A225,Amir  Banifatemi,"Entrepreneur, Investor, Producer. Curently: Imagine Repository, K5, #TEDxLA, #TEDxOC - Having fun asking questions...",http://t.co/BEoUy1A0cz,Innovating without borders,Pacific Time (US & Canada),1399,1449,249,158
@thione,Lorenzo Thione,"Internet & Broadway Entrepreneur, Producer of @allegiancebway starring Lea Salonga (@msleasalonga), George Takei (@georgetakei), and Telly Leung (@tellyleung)",http://t.co/bqTYaJPe3o,"San Francisco, CA",Pacific Time (US & Canada),3085,3667,532,132
@JoeFernandez,Joe Fernandez,Cofounder of Klout. Now building something new. Just trying to get enough beans to make a burrito,http://t.co/ERCeQg4llv,Los Angeles,Eastern Time (US & Canada),8637,16106,905,1512
@arampell,Alex Rampell,"Silicon Valley entrepreneur (TrialPay, Yub, TXN, etc), investor (General Partner @a16z), husband, father, and sarcast (one who is sarcastic)",,"Palo Alto, CA",Pacific Time (US & Canada),2455,5254,458,277
@awadallah,Amr Awadallah,"Cofounder/CTO @Cloudera. Husband. Dad of 4. Stanford EE PhD. Egyptian. American. Muslim. Nerd. Happy. Gamer. Masterchief. IG, FB, LI: awadallah",http://t.co/U8c2oWmfjd,"CA, USA",Pacific Time (US & Canada),4380,15384,2945,690
@RovertMoslof,Trevor Folsom,"Entrepreneur, Angel Investor, Surfer who loves his time with his family",http://t.co/oFuzEcQziT,"Coogee, Sydney Australia",Sydney,147,331,233,25
@RonSuber,Ron Suber,President @ProsperLoans,http://t.co/UKDmoW4xqz,,,1261,3828,690,161
@Burchcreative,Burch Creative,Burch Creative Capital is a Creative Capital Firm with a decidedly different approach to creating value.,https://t.co/NDSdNNtoTm,"New York, New York",,9,15,6,0
@konikaze,Konstantin Othmer,"Cloudcar CEO, founder/investor Speechpad",http://t.co/b3UTrgdt0Z,"Silicon Valley, CA",Pacific Time (US & Canada),119,558,396,28
@aa,Andrew Anker,@Facebook,https://t.co/6vQYJNd701,"Woodside, California",Pacific Time (US & Canada),1673,7026,99,147
@robdeheus,Rob de Heus,"Venture Capitalist, investor in ao : Peak Capital, 500 Startups, Golden Gate Ventures, YL Ventures, Catawiki, Womply, Redmart, Locality, Blazemeter, ViralGains",http://t.co/TV20VKTy14,the Netherlands,Amsterdam,7512,11632,1625,195
@fadig,fadi ghandour,"All things innovation, entrepreneurship, impact investing and social change. WamdaCapital, http://t.co/OQfFEzGnnW,  Ruwwad.jo",http://t.co/cLyOmEFfo9,Amman and Dubai ,Cairo,14440,49987,817,819
@JoshAbramowitz,Josh Abramowitz,"entrepreneur, investor, etc.",,,Central Time (US & Canada),150,474,968,35
@jesserobbins,Jesse Robbins,"Founder @OrionLabs, beautiful wearable devices to change the way people communicate. Previously founded @Chef & @VelocityConf. Firefighter/EMT & Adventurer.",https://t.co/FyaWpscdxq,"San Francisco, CA",Pacific Time (US & Canada),4157,8748,553,507
@paultoo,Paul Buchheit,I don't exist.,https://t.co/sVqQyH3yjl,"San Francisco, CA",Pacific Time (US & Canada),4198,38966,606,1800
@gilpenchina,gil penchina,Angel investor and Startup guy,,San Francisco,Pacific Time (US & Canada),948,6557,96,407
@jimydotorg,Jim Young,Past life: HotOrNot & i/o ventures. Currently: ???,http://t.co/hiyoamNk8A,phil.ly,Eastern Time (US & Canada),151,9082,171,118
@solvehealthcare,Patrick Soon-Shiong,,,,Pacific Time (US & Canada),1,76,0,0
@bfeld,Brad Feld,"I'm a VC at Foundry Group. I live in Boulder, Colorado, invest in software and Internet companies around the US, run marathons, and love to read.",http://t.co/oHuf2KEjq4,"Boulder, CO",Mountain Time (US & Canada),33473,240781,899,7341
@alanb42,Alan Braverman,"Entrepreneur, Angel Investor, & Programmer @ The Giant Pixel Corporation",http://t.co/VVJVW5jfD9,"San Francisco, California",Pacific Time (US & Canada),732,2580,353,80
@Fritzanity,Fritz Lanman,"Executive Chairman of Doppler Labs, Classpass and DWNLD. Angel investor in Square, Pinterest, Wish, Teespring, Classpass and many startups.",,,Pacific Time (US & Canada),278,2075,342,135
@weschan,Wesley Chan,"Whiskey lover, startup advisor and investor.",http://t.co/rz1GtqtohG,"San Francisco, CA",Pacific Time (US & Canada),1715,9231,418,471
@lpolovets,Leo Polovets,"Partner @SusaVentures. Before: 2nd non-founding engineer @LinkedIn → @Google → early engineer @Factual. I love reading, writing, & working with awesome people.",http://t.co/gPxVwl0hJy,"Redwood City, CA",Pacific Time (US & Canada),4869,2949,413,218
@bendavenport,Ben Davenport,CTO at BitGo. Beluga co-founder. Angel investor.,,"Palo Alto, CA",Pacific Time (US & Canada),1894,5039,774,259
@kennyvz,Kenny Van Zant,real bits of panther,,"Santa Barbara, CA",Central Time (US & Canada),610,1958,480,113
@kyork20,Kyle York,"Family man in NH, USA. @Dyn executive. @YORK_Athletics co-founder/board. @Datanyze & @CloudApp board. Entrepreneur, startup advisor, angel investor.",https://t.co/A4wk2B0iVc,"Manchester, NH",Eastern Time (US & Canada),21400,5790,191,384
@KevinHenrikson,Kevin Henrikson,"Outlook @microsoft was Co-Founder @acompli, EIR @redpoint",http://t.co/kQygtMtwFj,San Francisco,Pacific Time (US & Canada),1838,1276,246,77
@jschox,Jeffrey Schox,Founder / Schox Patent Group,http://t.co/yOnTmENLn4,SF (and occasionally A2),Arizona,1868,1143,224,56
@berdakin,diego,,,,,31,259,14,25
@MichaelDell,Michael Dell,"Self employed https://t.co/1GhCiADvIr https://t.co/Lk9Vxb20Iu https://t.co/2QEmywAxz3 https://t.co/Dd50eoB7sf Public '88, Private '13",https://t.co/pwDh63TKpc,"Austin, TX ",Central Time (US & Canada),3096,945286,2015,3377
@Justin_Mateen,Justin Mateen,Co Founder and CMO of Tinder,http://t.co/LuaIcRAWCE,Los Angeles,,90,1401,21,51
@joshu,joshua schachter,"Tinkerer, Angel Investor, Entrepreneur, occasional race car driver.",https://t.co/eJ59hTGF4n,Silicon Valley,Pacific Time (US & Canada),9703,42285,680,1666
@BillGates,Bill Gates,Sharing things I'm learning through my foundation work and other interests...,https://t.co/OyPElggNOW,"Seattle, WA",Pacific Time (US & Canada),2011,28372016,169,119221
@alisonrosenthal,alison rosenthal,"Athlete, Artist, Wealthfront, Greylock Partners, Facebook, Stanford, Brown",http://t.co/3cqVVhR80I,,Pacific Time (US & Canada),2271,2263,674,117
@tedr,Ted Rheingold,The journey has always been the destination.,https://t.co/bCuXfICn5Q,SF,Pacific Time (US & Canada),31779,10563,1461,551
@mikecollett,Mike Collett,Managing Partner @PromusVentures. Investing in early-stage software cos changing the world. https://t.co/wg3lBhbTmI https://t.co/SMigYKxCvq,https://t.co/TjnqeVS1La,Chicago,Central Time (US & Canada),5255,1203,655,109
@YangTerrence,Terrence Yang,"Partner: VChao. Mentor 1st. Angel investor. Quora Top Writer. Seeking institutional fintech, lawtech, last-mile.",https://t.co/QqSpoGI8Ep,SF,America/Los_Angeles,14287,8992,2566,390
@armandobiondi,Armando Biondi,"Cofounder ‌@AdEspresso‌ & 5 more tech/non-tech companies before. Angel investor in @Mattermark + other 30 startups. Also: proud #500strong, former Radio Speaker",https://t.co/mmGRRklgCj,San Francisco,Pacific Time (US & Canada),9816,2125,1028,285
@seregine,Mikhail Seregine,Ever onward,https://t.co/0CqZ4DvedG,"San Francisco, CA",Pacific Time (US & Canada),668,666,242,20
@dbeyer123,David Beyer,"https://t.co/6KixxLrNWK co-founder. Founding team @ Patients Know Best. Currently, investor @ Amplify Partners.",https://t.co/NDqEO0o6LK,San Francisco,,1459,1128,1851,69
@scottfarkas,Scott Farquhar,"Co-Founder and CEO of Atlassian. When not working with awesome people, I am spending time with my gorgeous wife and 3 sons. and training for a 1/2 ironman",http://t.co/mQPL3zug6w,Sydney,Sydney,450,7957,208,297
@rayrothrock,Ray Rothrock,"Venture capitalist.  Company builder, energy and tech leader.  Bass guitarist in Up and to the Right.",http://t.co/SQhzGPZujl,"Bay Area, California",Pacific Time (US & Canada),438,1495,648,92
@alexcharlie,Alex Le,"Making internet things in San Francisco, cofounder @heyday",http://t.co/sb38gKpXoO,"iPhone: 37.789200,-122.401001",Pacific Time (US & Canada),650,1730,350,32
@AnupamMittal,Anupam Mittal,"Entrepreneur, Explorer, Eternal Optimist.  Founder of People Group (http://t.co/gBvWiTC7, http://t.co/kPRKrQvo, Mauj Mobile, People Pictures)",http://t.co/AQEFwHw7bO,Everywhere,Mumbai,2064,7350,304,107
@apartovi,Ali Partovi,"Tech founder & investor. Co-founded https://t.co/32TV1MLhCN, iLike, LinkExchange. Backed Airbnb, Dropbox, Facebook, Uber, Zappos. I ❤ sustainable ag.",http://t.co/wvSZHd7suC,"San Francisco, CA",Pacific Time (US & Canada),282,3347,72,103
@othman,Othman Laraki,"co-founder @colorgenomics, dad, kiter & cyclist, startup helper, casablanca native",,"San Francisco, CA",Pacific Time (US & Canada),1351,10532,1109,525
@Ross__Perot,Ross Perot,,,,,15,418,203,3
@semil,Semil,"currently: investor. writer. | previously: worked at startups, consulting, nonprofits, and various kitchens.",http://t.co/yPD9yoDS2N,"Palo Alto, CA",Pacific Time (US & Canada),92423,35934,648,1494
@portodog,JASON PORT,,,,Eastern Time (US & Canada),1792,768,451,21
@akarelin,Alex Karelin,Founder & CEO @ TulaCo,http://t.co/z2MgIGCNiW,Santa Monica,Pacific Time (US & Canada),1296,913,600,29
@tferriss,Tim Ferriss,"Author of 3 #1 NYT/WSJ bestsellers (The 4-Hour Workweek, etc.). Investor (http://t.co/DcQssE6dFb), host of The Tim Ferriss Experiment: http://t.co/7oiMf07wRM",http://t.co/959NkXmoJv,Global,Pacific Time (US & Canada),15288,1320453,1089,20101
@kasslazerow,kasslazerow,"Mother, wife, businesswoman, friend",http://t.co/9AdFWVSBQz,NYC,Eastern Time (US & Canada),287,776,57,52
@davidcowan,davidcowan,"Space & Cyber venture capitalist @BessemerVP; Director @Distil, @Smule, @RocketLabUSA, @EndgameInc, @SpireGlobal, Team8; Trustee @RDFRS; Singer @VoicesInHarmony",https://t.co/VeZNaFG8yT,"Menlo Park, CA",Alaska,2445,21609,332,801
@invoker,Ryan Holmes,"Entrepreneur, investor, future enthusiast, inventor, hacker. Lover of dogs, owls and outdoor pursuits. Founder and CEO of Hootsuite. Support? @hootsuite_help",https://t.co/QlZrcKvR8C,YVR/SFO/NYC,Hawaii,6177,66555,2459,2390
@rangerj,Julian Ranger,"Founder of digi.me returning the power of data to the individual, serial entrepreneur & engineer (CEng) & angel investor (e.g. Hailo, DataSift, Astrobotic).",http://t.co/qNgNgj3GUA,UK,London,3495,2287,643,198
@dariani,dariani,"Entrepreneur. Intellectual. Activist.



Highly enriched 170 cm - formed by German-Iranian centrifugal storms.",http://t.co/9CotgaXY33,Berlin,Berlin,581,604,0,15
@VCMike,Mike Hirshland,"Founder, Resolute Ventures.",http://t.co/6vmOLMQS3v,Boston/SF/NYC,Eastern Time (US & Canada),4145,24794,283,1169
@jaredhk,jaredhk,"You can run faster if you lean forward. Heads down @newproj @AdRoll, in the clouds most other times",http://t.co/0c8fvuSVtw,"san francisco, california",Pacific Time (US & Canada),243,530,659,25
@brianhand,Brian Hand,"Entrepreneur (ShopLocal,Timelines); Investor (Ycharts,BaseCRM, Kapow Events,Skolnik,AVIA,Docusign); VC (FireStarter Fund); Bears,Cubs,'80s music;family man",,Chicago,Central Time (US & Canada),234,469,84,37
@neilpatel,Neil Patel,"Entrepreneur, investor & influencer. Columnist for Forbes, Inc, Entrepreneur, Huffington Post & more. Founded @CrazyEgg with @hnshah.",https://t.co/ETTeIqvDIc,,Pacific Time (US & Canada),12031,197867,97718,9190
@lak,Lukasz,,http://t.co/sRnu5ielwR,berlin,Berlin,1206,3747,67,211
@ChloeS,Chloe Sladden,"Some of the orgs I'm involved with or back: @HelloAngels, @Gannett, @AppMeerkat, @THISdotcm, @ColorGenomics, @uBeam, @blockchaincap",http://t.co/YRmCEH0ZXv,"San Francisco, CA, USA",Pacific Time (US & Canada),5160,222381,1043,1555
@gpjudge,geoff judge,"Entrepreneur turned Venture Investor, Powder Hound, Sports Fan, family man and father of three college students :-)  Golf, Tennis, Surfing and Skiing enthusiast",http://t.co/B7UbPrMurw,NYC,Quito,474,1126,135,110
@Eisenberg,Dave Eisenberg,"Co-Founder & CEO of Floored. Partner at Red Swan Ventures. Ex-Bain, Bonobos, TellApart, Accel EIR.",http://t.co/nvXWHHH9BM,NYC,Eastern Time (US & Canada),4374,3999,1124,178
@mygdal,Thomas Madsen-Mygdal,"i see things, i design things, i start things, i invest in things, i bring people together...",http://t.co/u0FAquEFol,Copenhagen,Copenhagen,3560,17199,1146,333
@bentsmithfour,"Ben T. Smith, IV","Investor, Entrepreneur, Technology Executive, College Football Fanatic",http://t.co/RupyhIoh,"Silicon Valley, Ca",Pacific Time (US & Canada),7536,4720,1070,146
@jeffarnold,Jeff Arnold,Formerly CEO of @Ksplice (acquired by @Oracle) and @Zulip (acquired by @Dropbox).,,"San Francisco, CA",,8,59,29,3
@paulg,Paul Graham,,http://t.co/fDpOM1QB6e,,Pacific Time (US & Canada),6396,331675,205,8297
@lazerow,michael lazerow,"Chief Strategy Officer, Salesforce. CEO/Founder: Buddy Media, http://t.co/c9Fv907ygc, U-Wire/Student Advantage, Lazerow Ventures.",http://t.co/7n756AHjum,NEW YORK CITY,Eastern Time (US & Canada),12564,26874,899,1431
@MKassan,Michael Kassan,Bruno Mars and Frank Sinatra’s biggest fan. Founder of @MediaLink. All good.,http://t.co/9Ycz6AIg74,New York & LA,Pacific Time (US & Canada),192,1865,220,57
@gregchang,Greg Chang,SVP @ Womply; angel investor and adviser,http://t.co/eJHyCo2rrQ,San Francisco and Los Angeles,Pacific Time (US & Canada),162,62,227,13
@DanRosensweig,Dan Rosensweig,CEO @ Chegg. Dad. Husband. Beneficiary of the American Dream.,,,,2433,1031,166,48
@JamesCurrier,JamesCurrier,,,"Palo Alto, CA",,436,3427,170,315
@kirill,Kirill Makharinsky,I start and build companies. Working on products to make technologists smarter and more effective,http://t.co/Ebws2Vd2P3,"San Francisco, London",London,1529,2062,447,128
@darian314,Darian Shirazi,ceo @radius,http://t.co/eRScyspFbA,SF,Pacific Time (US & Canada),3575,6354,178,228
@TazPatel,Taz Patel,"Midwest man, living in SF. Traveler and sports enthusiast who's connected 24/7. Cofounder @captiv8labs. Passionate Advisor and Investor. #startuphustle",http://t.co/6zmWhlwwKr,"San Francisco, CA",Pacific Time (US & Canada),1361,1359,1322,60
@safasrnext,safa,,http://t.co/rxBsKfWrrS,Palo Alto,Pacific Time (US & Canada),76,332,59,11
@larrymarcus,Larry Marcus,"Sprout Stage investor WaldenVC Pandora, SoundHound, Boombotix, Jukely, Aarki, BandPage, Sci Rev, goTenna, +++. Drummer, vintage hardware collector, SF",http://t.co/2mdLLUbQjN,San Francisco,Pacific Time (US & Canada),1461,4005,1070,256
@recanati,Daniel Recanati,"Technology enthusiastic, Entrepreneur, Investor, Philanthropist, Founder of @Rhodium.     http://t.co/7vi7ZfY5mx",http://t.co/vg2DfAdyst,,Eastern Time (US & Canada),6082,4805,774,286
@chijs,Marc van der Chijs,"Former serial entrepreneur in China, now venture capitalist in Vancouver. A.o. co-founder of http://t.co/2v9AimFIsj. Big believer in Bitcoin & p2p lending!",http://t.co/zs4E2HyDLi,"Vancouver, BC",Beijing,18618,6831,1102,474
@amol,Amol Sarva,"Startup founder, building builder, ex-philosopher // http://t.co/mABhXIgGif // @KnotableHQ, @HaloNeuro, Peek, Virgin Mobile, East of East, HireNurture, Sarva.co",http://t.co/g9pOGikm0B,"New York, USA",Eastern Time (US & Canada),18380,4031,728,219
@mattcohler,Matt Cohler,,,,Pacific Time (US & Canada),530,36738,310,677
@joshk,Josh Kopelman,VC. Father. Geek.  INTJ,https://t.co/8mniUVbppu,Philly,Eastern Time (US & Canada),3767,102773,2779,3241
@yvesbehar,Yves Behar,"Founder Chief Designer fuseproject, CCO Jawbone, co-founder August",http://t.co/gbS0yV01OC,here and instagram: @yvesbehar,,7092,35282,512,1385
@judegomila,Jude Gomila,Entrepreneur. Builder. Co founder of @heyzap (acquired by Fyber 2016). @Ycombinator alum. Inc 30 under 30. Cantabrigian. Engineering your dreams...,http://t.co/huR6PnwTAm,San Francisco,Pacific Time (US & Canada),5062,8334,365,228
@jonteo,jonathan teo,explorer,http://t.co/VvhLLxmlU1,earth,Pacific Time (US & Canada),256,73127,240,91
@garyvee,Gary Vaynerchuk,"Family 1st! but after that, Businessman. CEO of @vaynermedia. Host of #AskGaryVee show and a dude who Loves the Hustle, the @NYJets .. snapchat - garyvee",https://t.co/RfJOGByWSm,NYC,Eastern Time (US & Canada),140945,1246807,8843,26223
@ansanelli,Joseph Ansanelli,Entrepreneur turned Partner at Greylock. http://t.co/BCCERggkku,http://t.co/iix2m5mlCg,"San Francisco, CA",Pacific Time (US & Canada),1096,2437,459,107
@neerajarora,neeraj arora,"WhatsApp, Family, Travel, Cars, Technology, India.",https://t.co/YMUcENclnR,"Palo Alto, CA",Pacific Time (US & Canada),5865,9177,391,200
@Joshmedia,Josh Felser,"Seed investor/serial entrepreneur. Co-founded: Freestyle (institutional angel), Spinner (sold to AOL), Grouper/Crackle (sold to Sony) & @hashtagclimate",https://t.co/ayJfQlYNNH,Bay Area,Pacific Time (US & Canada),21617,21308,805,907
@aplusk,ashton kutcher,"I make stuff, actually I make up stuff, stories mostly, collaborations of thoughts, dreams, and actions. Thats me.",http://t.co/GWq9OXISNn,"Los Angeles, California",Eastern Time (US & Canada),9092,17516872,708,76191
@davidchang,Dave Chang,retroactively retired from @momofuku since 2004  snapchat: davidchang,https://t.co/Ngniolgnw0,"New York City, Sydney, Toronto",Atlantic Time (Canada),2345,158730,53,2381
@mike_greenfield,Mike Greenfield,"data geek; entrepreneur; co-founded Circle of Moms; Team Rankings; early data guy at PayPal, LinkedIn",http://t.co/7ohS9fRbUz,Palo Alto,Pacific Time (US & Canada),405,3638,322,315
@Nas,Nasir Jones,"Illmatic XX now available: 
http://t.co/GQVoyTHAXi",http://t.co/Ol6HETXMsd,NYC,Eastern Time (US & Canada),4620,1979095,189,8589
@saarsaar,saar gur,venture capitalist at CRV,http://t.co/TcTzD70H8O,bay area,Pacific Time (US & Canada),1567,17058,2702,407
@mikeyavo,Michael Yavonditte,CEO @YieldMo CEO/Quigo for 5yrs.sold to AOL in 2007 for $340M.Angel investor in 100+ companies. building @adformatlab fixing mobile ads. early $ in Flurry/Tapad,https://t.co/fndEvgs6PP,NYC,Quito,35722,9664,750,768
@seiff,ken seiff,another day another chance to excel,,,Eastern Time (US & Canada),116,284,112,5
@hajak,Hampus Jakobsson,"Founder of @Brisk_io and @TATMobileUI. Favorite compliment: Efficient. Happiest when: Learning. Pescetarian, father of three, angel investor.",http://t.co/P4LJnaPBSu,"malmo, sweden",Stockholm,3010,4464,346,217
@marlette,Scott Marlette,"Co-Founder, GoodRx",http://t.co/rlgJXsw9Rb,"California, USA",Pacific Time (US & Canada),87,534,69,29
@yammeradam,Adam Pisoni,Moved to @adampisoni,https://t.co/dfW31EZcO5,,Pacific Time (US & Canada),1,38,0,4
@arrington,Michael Arrington,Be Excellent To Each Other,http://t.co/1nLBjDwEB6,"Palo Alto, CA",Pacific Time (US & Canada),14560,203719,1323,9642
@barrysilbert,Barry Silbert,"Founder & CEO, Digital Currency Group (@DCGco); Founder, SecondMarket; Creator @BitcoinTrust",https://t.co/dI2vGl1VaR,New York,Eastern Time (US & Canada),4925,19625,225,843
@howardlindzon,howardlindzon,"Co-Founder and CEO of @Stocktwits, GP of Social Leverage, Wallstrip creator (acquired by $CBS), Momentum, Stocks & LOL hunter..Love Popcorn",https://t.co/6i5SJxzF22,Coronado,Quito,103133,252219,1670,4225
@martinvars,Martin Varsavsky,"Founder of Jazztel, Fon, CEO of Prelude. Entrepreneur, angel investor, Columbia Univ Professor. martinvars@me.com, http://t.co/Wdpwkc91J6.",http://t.co/Dw0MYLekko,"Miami, FL",Madrid,33435,100922,1274,4914
@ValKatayev,Val Katayev,Founded 4 successful companies. VC/Angel Investor via @PoiseVentures. #P2PLending via @PMIfunds. Commenting on #fintech #adtech #vc #stockmarket,https://t.co/kHy8db4HR7,"New York, USA",Eastern Time (US & Canada),926,1525,96,69
@BrendanFWallace,Brendan Wallace,"Founder, Grey Wolf (https://t.co/yzeKEAn2I2)
Founder,OtterRockCapital (https://t.co/HsL2NdmFZ7)
CoFounder/CEO, Identified (acquired by Workday)
I like tech.",https://t.co/yzeKEAn2I2,"Los Angeles, CA",Pacific Time (US & Canada),526,7079,196,101
@wences,Wences Casares,"Founder & CEO, Xapo",http://t.co/hRTObDTTQR,"Palo Alto, California",Pacific Time (US & Canada),2232,20639,340,821
@jeremys,Jeremy Stoppelman,Co-founder and CEO of Yelp,https://t.co/Tc4YopAlQk,San Francisco,Arizona,2675,232518,322,2137
@MichaelOvitz,Michael Ovitz,"Michael Ovitz, business and entertainment executive, philanthropist, art collector",http://t.co/aop4CvNn5e,"Los Angeles, CA",Pacific Time (US & Canada),146,2060,56,72
@robinklein,Robin Klein,"Entrepreneur, now active early stage tech investor. Portfolio includes/d: LoveFilm, Moshi, Moo, Graze, Zoopla,Tweetdeck, Fizzback,Mashery,Transferwise + others.",https://t.co/TdOuTfl0aL,London,London,5065,48013,998,845
@economysizegeek,Dirk Elmendorf,"Mixing Business and Technology, r26D TruckingOffice",http://t.co/04dFPJoXWB,"San Antonio,TX",Central Time (US & Canada),2423,1680,412,87
@MediaLabPete,Peter Bordes,CEO @oneQube the leading social & content audience platform & @TweetChat | #Entrepreneur Angel Investor. #SocialMedia #SMM #SocialMarketing #GrowthHacking,https://t.co/dXdkYmXO0e,New York City,Quito,14983,40088,29029,2286
@impunity,scott crosby,I think there's a cold one way down there in the bottom.,http://t.co/VysZ7BA2oa,94110,Pacific Time (US & Canada),225,300,176,13
@gegax,T. Trent Gegax,angel investor; infoworld contributor; wandering minnesotan,http://t.co/zjedRQBK8T,"LGA, MSP, SAN",Quito,1325,439,660,38
@HLMorgan,Howard L Morgan,Venture Capitalist and advisor,http://t.co/4OQFXgPigg,New York,Eastern Time (US & Canada),2842,20670,556,940
@photomatt,Matt Mullenweg,"@WordPress, @Automattic, @Jetpack, @Akismet, @SimplenoteApp, @Cloudup, @VaultPress, @WooCommerce... Let's work together: https://t.co/RJSKNBquo2",http://t.co/gsR2ZYTCNh,On a Plane,Pacific Time (US & Canada),12896,87510,889,5704
@StefanGlaenzer,Stefan Glänzer,Somehow undecided whether being an entrepreneur or investor. Like it,https://t.co/DVT3HmX9pu,London,London,1658,12525,601,536
@othylmann,Oliver Thylmann,"Father, Serial Entrepreneur, Developer Whisperer and currently Co-Founder @giantswarm",http://t.co/0fzgV8AllU,"Cologne, Germany",Berlin,16490,2492,1032,173
@MikaSalmi,Mika Salmi,"Tech/media entrepreneur, executive and investor. Passioante about global culture, geopolitics, architecture, design, new music, extreme sports and learning.",http://t.co/n7WP2n6lLl,Planet Earth,Atlantic Time (Canada),1195,1756,354,84
@dsamuel,David Samuel,"serial entrepreneur: co-founder of Spinner, Brondell, Crackle. 4 kids. and now Freestyle.vc",http://t.co/ryTTqSaugb,"Bay Area, CA",Pacific Time (US & Canada),2279,6524,232,356
@davepell,Dave Pell,"I invest in startups and do a lot of things on the web, but my best thing is the NextDraft newsletter and iOS app. I have a lot of tabs open right now.",http://t.co/ff3Ukt1oyA,San Francisco,Pacific Time (US & Canada),24388,35509,621,1662
@marissamayer,marissamayer,@ Yahoo!,http://t.co/wnYPGNS2zb,"San Francisco, CA",Pacific Time (US & Canada),1343,1247804,343,16399
@jkraus,Joe Kraus,Long-time entrepreneur. Current partner at Google Ventures,http://t.co/KMCwLSsb3Q,,Pacific Time (US & Canada),255,12385,269,645
@rohitkbansal,Rohit Bansal,Co-founder @ Snapdeal,https://t.co/KE2ymTcgN6,New Delhi,New Delhi,669,23919,236,136
@AbhishekGoyal,Abhishek Goyal,Founder @Tracxn - Get to see explosion of Startups very closely :-),http://t.co/PgGet7eXFL,Palo Alto + Bangalore,Kolkata,798,620506,2349,87
@Bankoff,Jim Bankoff,@voxmediainc CEO. We are @sbnation @verge @polygon @eater @curbed @racked @voxdotcom @recode,http://t.co/bMPzs6UCsU,"DC, NYC",Atlantic Time (Canada),4761,13326,681,553
@ScottDorsey,Scott Dorsey,"High Alpha - Managing Director, Co-Founder and former CEO ExactTarget, Chairman - http://t.co/6gamRDfBA6, Indiana Sports Corp. & Tinderbox. IU and Kellogg grad.",http://t.co/KnHuNYfuZN,"Indianapolis, IN",Eastern Time (US & Canada),3672,12146,727,449
@maynard,Maynard Webb,"Founder, Webb Investment Network; Co-Founder, Everwise; Author, Rebooting Work. Chairman at Yahoo!, Board member at http://t.co/vjnYDTvXqm, Visa and Everwise",http://t.co/SboBKOdWff,"Los Gatos, CA",Pacific Time (US & Canada),689,3783,201,200
@angusdav,Angus Davis ⚓,"Entrepreneur (@GetUpserve, Tellme), dad, angel investor & education reform advocate. Love learning stuff and changing the world!",https://t.co/9ajRnlUvwp,"Providence, RI",Eastern Time (US & Canada),4360,7913,1002,420
@mattcoffin,mattcoffin,entrepreneur and seeker of inspiration,,park city,Alaska,229,1896,150,157
@pjain,Pankaj Jain,"Hedge Fund refugee. Partner at @500Startups. The Big Apple, India, startups, finance, data, 80's Alternative, mythology, history ...",https://t.co/SGrFlI7m9n,"NYC, India, Mountain View",Asia/Calcutta,24616,19193,3748,502
@pejmannozad,pejmannozad,"Partner @PejmanMar, seed investor @Dropbox @lendingclub @soundhound @branchmetrics @Zenpayroll @doordash @washioapp love soccer",https://t.co/u0AQboB0BL,california,Pacific Time (US & Canada),1314,10794,1110,335
@kevincdonahue,Kevin  Donahue,,,,,28,125,164,6
@gomattymo,Matty Mo,Instagram:TheMostFamousArtist Snapchat:MostFamousArt,https://t.co/0z7jLVMwZ3,,Pacific Time (US & Canada),2707,6227,464,189
@standers,standers,Invest in awesome founders. Early investor in Twitter and founding investor in Instagram.,http://t.co/KkcFf3scR1,San Francisco,Pacific Time (US & Canada),265,7316,140,352
@bedy,Bedy,"Chinese-Brazilian. Silicon Valley. Member of Kauffman Fellows Program - Managing Partner at http://t.co/m6dMxI4nLd, founder of http://t.co/jkAJx1U6HG",,,,3078,6124,901,343
@dscheinm,Dan Scheinman,"Angel investor (Arista Networks, Tango.me, Zoom.us, Treasure Data, SentinelOne, Greenwave Systems, Pirc, Ncryptedcloud, etc)",https://t.co/FlXvZ90qBm,Northern Californa,Pacific Time (US & Canada),12943,3040,106,207
@1kunalbahl,Kunal Bahl,Creating impact for India through technology.,https://t.co/KE2ymTcgN6,"New Delhi, India",New Delhi,2979,38198,1587,270
@thegothamgal,joanne wilson,,http://t.co/2RJNahIoAF,"New York, NY",Quito,4354,12881,646,628
@howardlove,Howard Love,"Entrepreneur, Author, Angel Investor @LoveToKnow @GigaOm @YourDictionary @Trails @Golflink @FlexJobs @HotelTonight @Trulia @DealBase @Liftopia. Hunt, Fish, Wine",https://t.co/tUqYlXXmXW,Silicon Valley,Pacific Time (US & Canada),185,307,202,14
@mcarges,Mark Carges,,,,Pacific Time (US & Canada),110,1050,138,42
@mwalrath,Michael Walrath,"entrepreneur, investor, startup junky, husband and dad. Right Media, Yext, Moat, Confide, Atlas Films, Surf Lodge among others.",,"NYC, Montauk",Central Time (US & Canada),756,1412,403,70
@jwcunningham,John Cunningham,,,,Atlantic Time (Canada),68,373,545,4
@TraceMayer,Trace Mayer,"Smart, generous and thoughtful. A radiant torrent of facepalm inducing truth. Investor: Armory, Bitpay & Kraken. Bitcoin Knowledge Podcast Host.",https://t.co/w78W5k4qzN,,Eastern Time (US & Canada),513,2094,2,143
@Alfred_Lin,Alfred Lin,http://t.co/ZWyIuwqhUj,http://t.co/EGTMPK9bEM,"San Francisco, CA, USA",Pacific Time (US & Canada),1350,14749,251,480
@levie,Aaron Levie,Lead Magician (and CEO) at Box (@boxHQ); Huge ABBA fan. I don't fully endorse anything I say below. Go ☁,http://t.co/YqDzx9od2S,Palo Alto,Pacific Time (US & Canada),3312,205004,486,4753
@jaredhecht,Jared Hecht,@fundera co-founder. formerly @groupme and @tumblr.,http://t.co/nFJJV4LVdi,NYC,Eastern Time (US & Canada),4229,5258,626,330
@KenLerer,Ken Lerer,,http://t.co/zgx660eOxn,,Atlantic Time (Canada),117,5054,20,196
@jayadelson,Jay Adelson,"General Partner, Center Electric",https://t.co/561E55JEhr,San Francisco,Pacific Time (US & Canada),2533,21507,439,1316
@mmarinucci,marco marinucci,"Angel investor, ex-Googler, @MindtheBridge founder, @MTSFund Managing Partner, IE biz-school board, startups afecionado, father, kitesurfer, good fellow",http://t.co/pWkmVaxup4,San Francisco (CA),Pacific Time (US & Canada),1589,5145,235,206
@fred_montagnon,Frédéric Montagnon,"Founder & CEO at Secret Media Inc. Entrepreneur. French. Engineer. Ex Codanova, OverBlog, Nomao, Teads (ex Ebuzzing). Blues, monoski and herbal tea addict.",http://t.co/Jf8VMWE4ol,"New York City, Paris",Paris,4434,14557,4345,776
@vishalgondal,Vishal Gondal,"Marathoner! Gamer, Entreprenur, Investor,Sportsman, Fitness Freak, Foodie,Traveller, TEDster CEO @GOQiiLife #betheforce founder @indiagames (now Disney)RT≠Views",https://t.co/NFBXUs0qXB,"Menlo Park, Mumbai ",Mumbai,21616,28529,261,622
@westcoastbill,bill lee,"investor (@spacex, @geteero, @postmates, @playpineapple, @bitgo, @hellosign, @diffbot, @thekitchen, @teslamotors, @zenefits, @alexgambal1 wines). cabo. bitcoin.",https://t.co/00o5VQ3e33,"37.77652,-122.408265",Pacific Time (US & Canada),7543,21927,666,558
@startupman,David Hirsch,"Managing Partner/founder @metamorphicvc, xgoogs @google, board @girlswhocode @sonimafnd and @RiverFundNY. Dad . Knowing vs Knowing about.",http://t.co/ufGuIx71wJ,New York,Quito,4738,3590,1102,140
@davidkarp,David Karp,First ever Tumblr blogger,http://t.co/4z9eGW90ZX,,Eastern Time (US & Canada),2803,45408,52,1154
@rameshharidas,Ramesh Haridas,"Startup investor; squash & tennis player (recovering from injuries), interested in AI, road biking, languages, synthetic bio, & wildlife conservation.",https://t.co/zVDAZSkHX6,,Prague,2868,1443,366,119
@sama,Sam Altman,@ycombinator,https://t.co/pfxBFQYy58,SF,Pacific Time (US & Canada),4186,153393,130,3390
@m2jr,Mike Maples,Entrepreneur and helper of startups,https://t.co/E4w5n8Kf0p,California,Pacific Time (US & Canada),3056,36636,3026,1274
@ryanallis,Ryan Allis,Co-founder @Hive_SF. Previously CEO & cofounder @iContact and MBA student @HarvardHBS. Go build something your grandchildren will be proud of. Right brained.,https://t.co/bI6aakyegf,"San Francisco, CA",Eastern Time (US & Canada),6149,102604,2807,1069
@clandry,Clark Landry,"entrepreneur, angel investor, aspiring VC",,"Los Angeles, CA",Pacific Time (US & Canada),2999,8152,1032,189
@nivi,Nivi,Started @angellist and @venturehacks.,http://t.co/TbMD9UaQL9,San Francisco,Pacific Time (US & Canada),639,24985,8,946
@daltonc,Dalton Caldwell,Partner at Y Combinator,http://t.co/HpAIE56Yo4,San Francisco,Pacific Time (US & Canada),3767,9935,302,600
@gabor,Gabor Cselle,"Full-time dad.

Before: GPM @Twitter, CEO of @NamoMedia and reMail. PM at @Google on Gmail, Android, Google Now.",http://t.co/W8BTAIpM5A,"San Francisco, CA",Pacific Time (US & Canada),4580,8148,896,396
@fin101,Brent (Bam) Larson,"Financial Consultant spec. in Sm Business, International R/E & Personal Portfolio`http://t.co/ViiwJBQKrz on $$-financial-Real Estate local and International",,yeg- Edmonton Ab. Canada,,618,790,1740,22
@asenkut,Aydin Senkut,"Founder @FelicisVentures, Lucky Investor in @Shopify @Fitbit @Clearslide @Creditkarma @Rovio @Greenhouse @Adyen; Proud father, love design, never stop learning",https://t.co/R9tTp7HtW4,Palo Alto,Pacific Time (US & Canada),2609,39597,1023,1578
@waseem,Waseem Daher,MIT alum. Mario 3 enthusiast. Former film projectionist and Ksplice+Zulip cofounder. Now Dropboxer. Interested in things.,http://t.co/GNE70Gikip,San Francisco,Eastern Time (US & Canada),146,854,375,36
@snowmaker,Jared Friedman,college dropout.,https://t.co/e2jxQO2rXN,San Francisco,Pacific Time (US & Canada),406,1218,215,60
@wbunker,Will Bunker,"My life is a startup – learn, do & build. Startup order: #1 #2 GrowthX and SVGS #3 our community",https://t.co/32t9LBR1lb,"San Francisco, CA",Pacific Time (US & Canada),189,2875,50,130
@nrmehta,Nick Mehta,CEO Gainsight #customersuccess; diehard: Steelers; family; blueberries; curious: unreality of time; quantum; zombies; progress; Taylor Swift meets John Rawls,https://t.co/M6RroPR5n6,possibly in a hologram,Pacific Time (US & Canada),6863,5967,4502,272
@jab,Jay Batson,"Startup guy, cyclist, musician, DJ",http://t.co/tcaXwnR1SN,"Boston, Massachusetts 02116",Central Time (US & Canada),3543,1733,508,147
@sukhindersingh,Sukhinder Singh,"Passions -building companies, most of all Joyus & theBoardlist, helping women succeed, fashion,decor, skiing, my amazing kids #choosepossibility",http://t.co/sfwPGifmjT,,,842,5146,397,221
@rabois,Keith Rabois,"entrepreneur, investor, contrarian",,"SF, CA",Pacific Time (US & Canada),27216,105012,424,2573
@justinkan,THE HERO SF DESERVES,"Now: Y Combinator, The Artist Union. Past: founded https://t.co/VNb8Y2Hc4o, Twitch, Exec, Socialcam, Kiko. Find me on Snapchat: justinkan.",https://t.co/ei7x9dxCoT,San Francisco,Pacific Time (US & Canada),8261,22171,1303,911
@oleg12,Oleg Tsheltzoff,CEO Fotolia/Flixtime,http://t.co/p0Ta842hF0,Zurich,Amsterdam,510,930,68,41
@ariel,ariel poler,,http://t.co/Sq0Iw2HY36,SF,Pacific Time (US & Canada),398,12130,213,301
@mleslie45,Mark Leslie,"Successful entrepreneur, investor, excutive, Stanford GSB lecturer",,Silicon Valley,Pacific Time (US & Canada),53,1706,443,78
@ErrolDamelin,Errol Damelin,,,,,432,374,84,12
@thatchriskelly,Chris Kelly,"Co-owner, @SacramentoKings; Chair @Fandor; Chair @organizerinc; Chair @NLC; Founder, Safer Calif Fdn; Investor; fmr C. Privacy Off. & General Counsel, @Facebook",,,Arizona,7580,3975,3254,143
@BogieBalkansky,Bogomil Balkansky,,,,,39,420,233,13
@chadbyers,Chad Byers,"General Partner @SusaVentures (@robinhoodapp, @LendUpLoans, @flexport, @Andela, @casetext, etc) . Sports, food, video games, tech, musicals.",https://t.co/hJPJwajvyL,SF via NYC via SF,Pacific Time (US & Canada),2824,1725,806,74
@freemanindia,Freeman Murray,"Live In Nature
Do Yoga
Learn To Code
Code For India",http://t.co/899QkZ5ug4,"bangalore, india",Mumbai,2281,2334,520,111
@markgoines,mark goines,"Venture Investor and Advisor, Dad, Love Chocolate, Cars",,,Pacific Time (US & Canada),761,987,475,43
@mcuban,Mark Cuban,Cyber Dust ID: blogmaverick,http://t.co/q9qtJaGLrB,,Central Time (US & Canada),686,5039422,869,26624
@tamccann,T.A. McCann,"Tech entrepreneur. Founder of http://t.co/M79y14CL51, Gist (sold to BBRY)...mentor at #techstars, #startupweekend.  sailor, runner, biker, husband, father.",http://t.co/m7gZ8R0gqh,Seattle WA USA,Pacific Time (US & Canada),7813,11417,3714,674
@TheSharkDaymond,Daymond John,Order the Power of Broke now. #ThePeoplesShark,https://t.co/Ii4VAhqXZp,NYC,Eastern Time (US & Canada),22642,466023,700,4315
@sulemanali,sulemanali,"CoFounder TinyCo. Entrepreneur, game developer, startup junkie, optimist, feminist, american. Choose winning over being right. Grateful for my charmed life.",http://t.co/coTTHbqoOV,"San Francisco, CA",Hawaii,2027,1187,1110,81
@jcal7,Jon Callaghan,"Early stage VC, True guy, dad, pilot",http://t.co/XiBibZ7u,"ÜT: 37.451883,-122.142978",Pacific Time (US & Canada),2663,22885,411,765
@lum,Jennifer Lum,"Entrepreneur & investor / Cofounder @AdelphicMobile / Advisor to @WTA & Startups at @MIT, @500startups, @TechStars / INTJ",http://t.co/e2L2CtYl26,Earth,Eastern Time (US & Canada),5866,9185,399,551
@BobbyYazdani,Bobby Yazdani,Bobby Yazdani is an entrepreneur and investor who has backed over 100 early-stage technology companies including Google (NASDAQ: GOOG) & Salesforce (NYSE: CRM).,https://t.co/vZZhtAE41j,"San Francisco, California",Pacific Time (US & Canada),45,510,121,31
@jkhoey,Kelly Hoey,Author of the forthcoming book Build Your Dream Network Jan 2017 @TarcherPerigee // My Motto: Invest In The Change You Want To See In The World.,http://t.co/1aY09jT6Ba,"New York, NY",Eastern Time (US & Canada),71286,15036,1003,1237
@flaregames,flaregames,We're a games developer and publisher. Makers of @royalrevolt. Please note: game support only on    https://t.co/7g1NOfNFVw,http://t.co/N7BbdpiGre,"Karlsruhe, Germany",Berlin,469,2880,349,39
@usiegj00,Jonathan Siegel,,,,Pacific Time (US & Canada),171,1081,156,60
@Louis_Monier,Louis_Monier,"Early Web search guy, forever curious. Obsessed with Deep Learning.",,"Menlo Park, CA",Pacific Time (US & Canada),24,351,162,16
@KeesKoolen,Kees Koolen,Helping internet companies to scale globally while building the largest integrated dairy industry and participating in the Dakar race every year.,,Amsterdam area,Amsterdam,416,1904,414,52
@tylerwillis,Tyler Willis,Asteroid Hunter.,https://t.co/TCT69Hi4bV,San Francisco,Pacific Time (US & Canada),24730,5933,2034,421
@davegoldberg,Dave Goldberg,"reverse order: SurveyMonkey, Benchmark Capital, Yahoo Music, 2 kids, married,Launch Media, Capitol Records, Bain, Harvard",http://t.co/TjYY1TeGyI,California,Pacific Time (US & Canada),408,8020,219,300
@cshapiro,Craig Shapiro,Founder and managing partner @collabfund. Student of history.,http://t.co/Jw2hkRc1Aq,New York City,Pacific Time (US & Canada),5533,7467,148,430
@davegilboa,davegilboa,Co-Founder and Co-CEO of @warbyparker,http://t.co/dNg6nhIar0,New York City,Eastern Time (US & Canada),477,4417,288,165
@dh,David Hauser,"Serial Entrepreneur, Founder of @grasshopper, @chargify, and angel investor",http://t.co/87O8aWotlZ,"Las Vegas & Boston, MA",Eastern Time (US & Canada),4599,7461,1794,503
@jeffweiner,Jeff Weiner,CEO at LinkedIn,http://t.co/lvUuIjprnJ,,Alaska,3280,303217,198,4556
@3rdwavemedia,Chris Grey,"Entrepreneur, investor, dad, and individualist. Co-Founder and COO of CapLinked. Recovering banker, PE manager, and Stanford grad.",https://t.co/nq6bvTBO08,Los Angeles,Alaska,2631,457,1600,55
@davetisch,David Tisch,"Love the Internet, Sports, Food, TV... Investor @BoxGroup + Co-Founder @Spring + @cornell_tech + TechStars NYC... World Class Indoorsman + Ellipsis User...",https://t.co/1txp3vrY3J,NYC,Eastern Time (US & Canada),10900,40046,506,1644
@aarrieta,Ariel Arrieta,"Marketer, Serial Entrepreneur, VC Cofounder & Managing Partner of NXTPLabs com HBS-OPM41 Kauffman.Fellow, Author https://t.co/3O8XpcsBAn  snapchat:ariel.arrieta",https://t.co/CBgJZzgsr0,Buenos Aires,Buenos Aires,13497,13421,1694,631
@anshublog,Anshu Sharma,Venture Partner at Storm Ventures | Apps & Clouds | Best husband award by @sarikagarg,https://t.co/4OeikTaAyb,"San Francisco, CA",Pacific Time (US & Canada),7254,3514,874,233
@cyantist,Cyan Banister,"libertarian, defender of our freedom, friend, silly person, wife of @nist, partner at founders fund.",https://t.co/JHrAiZvnXp,San Francisco,Alaska,28937,31831,21493,1459
@TimDraper,Tim Draper,"Founder of @DFJvc, @drapervc, @Draper_U, @IYS_Org.",https://t.co/0yq4mFI1FC,"Menlo Park, CA",Pacific Time (US & Canada),1176,36094,2707,1307
@jakelodwick,Jake Lodwick,Founder & CEO @keezy. Created @vimeo 10 years ago. Text me something weird: 1 (347) 287-8590,https://t.co/qpQGfw3wE7,"Brooklyn, The USA",Eastern Time (US & Canada),2965,4050,27,100
@Rich_Barton,Rich Barton,"Zillow, Trulia, Streeteasy, Glassdoor, Trover, Avvo, Realself, Benchmark Capital, Netflix, Expedia, YearUp, kids, boarding, and surfing",http://t.co/A92MIvDs7R,Seattle,Pacific Time (US & Canada),3108,13658,258,542
@RussSiegelman,Russell Siegelman,,,,Pacific Time (US & Canada),49,488,110,33
@tfadp,Dan Porter,"Everything I've ever done: Draw Something, OMGPOP, Virgin, Teach For America, TicketWeb, William Morris Endeavor, total lack of focus, general disregard, etc.",http://t.co/BLhx15Nu3l,Park Slope Brooklyn,Atlantic Time (Canada),1980,3866,226,231
@timoreilly,Tim O'Reilly,"Founder and CEO, O'Reilly Media. Watching the alpha geeks, sharing their stories, helping the future unfold.",http://t.co/5086iX7oyT,"Oakland, CA",America/Los_Angeles,37942,1966436,1562,28209
@alexisohanian,Alexis Ohanian,I cofounded @reddit and some other things to try and make the world suck less.,https://t.co/joZ6BqCA13,"San Francisco, CA",Eastern Time (US & Canada),50338,99463,3739,3754
@gilelbaz,Gil Elbaz,"Founder/CEO https://t.co/IZ404DZlRr, a neutral data company making data accessible to all. Previously founder Applied Semantics (sold to Google). Angel Investor",http://t.co/YA7HDJwr27,"Los Angeles, CA",Pacific Time (US & Canada),446,4861,1715,352
@sanford,Sanford Dickert,CEO & cofounder of OWLR (https://t.co/AVfyNWm0tZ) - making security work for the rest of us.  A Social Engineer w/ affection for robotics & political advocacy.,https://t.co/5b8njlC7Qm,"London, England",London,6126,3806,1604,339
@laurentasscher,Laurent Asscher,Technology Investor,,Monaco,Brussels,220,405,301,18
@garrytan,Garry Tan,"Writes software, dreams.",https://t.co/eJLc8cEBTe,"San Francisco, CA",Pacific Time (US & Canada),12179,32771,1662,1883
@stevechen,steve chen,,,"San Francisco, CA",Pacific Time (US & Canada),47,4000,67,130
@farhad667,Farhad Mohit,"I love people and create things. @Flipagram, Shopzilla, https://t.co/fo6NilvMfp and a bunch of ambitious failures",https://t.co/fewkLOsPHL,"Los Angeles, CA",Pacific Time (US & Canada),586,2082,131,102
@johnmaeda,John Maeda,"@KPCB | Formerly MIT @MediaLab, RISD | https://t.co/204h0hYTjN | https://t.co/p9vrSGeUjd | Sonos | Wieden+Kennedy | Cooper-Hewitt",https://t.co/i4r1KolvFT,trying snapchat: johnmaeda,Eastern Time (US & Canada),10425,430038,17217,9388
@amishjani,Amish Jani,VC at FirstMark Capital in NYC,http://t.co/AcWH4PIJvT,NYC,Eastern Time (US & Canada),2464,7417,415,476
@loic,Loic Le Meur,starting leade.rs,https://t.co/K0dvCXW6PW,San Francisco,Pacific Time (US & Canada),53550,127790,808,8259
@algard,Alex Algard,Founder and CEO of @WhitePages,https://t.co/CIbsXpDuPN,Seattle,Pacific Time (US & Canada),1406,2211,225,101
@mickbirch,Michael Birch,Founder of The Battery and Monkey Inferno. Fan of charity: water. Husband of Xochi. Father of 3 amazing little people!,http://t.co/kcB6GNz75s,San Francisco,Pacific Time (US & Canada),224,7642,228,420
@rosslevinsohn,rosslevinsohn,,,Los Angeles,Pacific Time (US & Canada),1264,5618,314,190
@alanwarms,Alan Warms,"http://t.co/bBMVLX7MJx former VP/GM Yahoo News,BuzzTracker, former Publisher RealClearPolitics, Participate Systems (online communities for business)",https://t.co/y2ZzytJbRD,Chicago,Central Time (US & Canada),10081,2249,1852,149
@lancekalish,Lance Kalish,"Cofounder @yestocarrots @yoobigives @Cheekyhome @Cuzinglobal; Ethan, Claudia and Jade Kalish! Serial Entrepreneur; Start-up Adviser; Still a Man United Fanatic!",http://t.co/RA1qjwT54P,Sydney,New Caledonia,139,323,120,25
@rainrannu,Rain Rannu,"Entrepreneur, founder of Fortumo & Garage48 #estonianmafia",,Estonia / USA,Tallinn,1452,2281,781,102
@yegg,Gabriel Weinberg,"CEO & Founder, @DuckDuckGo. Co-author, @TractionBook. Traction trumps everything.",http://t.co/aHze0QSSQu,"Valley Forge, PA",Eastern Time (US & Canada),9340,23448,47,1292
@ethanbeard,ethanbeard,,,"San Francisco, CA",Pacific Time (US & Canada),424,1367,541,50
@jefffluhr,Jeff Fluhr,"Entrepreneur, dad, student.  CEO and Co-Founder of @spreecast & @get_room.   Also working on a new app in stealth. Co-Founder and former CEO of @StubHub.",http://t.co/9r6jJbk0q6,,,878,2305,1344,110
@WilliamsonMark,Mark Williamson,"CEO of Restore Health by day, father by night, wanna be economist, planning to change the world",http://t.co/McTJgpD0Hs,Silicon Valley,Pacific Time (US & Canada),2768,599,410,27
@brettc,Brett Crosby,One man brand.,http://t.co/OcTu0wA2Cm,"Manhattan Beach, CA",,1970,2794,1777,181
@anandx,Anand Agarawala,Canadian Dream,http://t.co/PE3KKiF0EI,NYC,Eastern Time (US & Canada),1783,2100,750,121
@mtanne,Michael Tanne,Building and backing innovative new products and services,,California,Pacific Time (US & Canada),485,1162,1500,71
@jeanhammond,Jean Hammond,"Partner @LearnLaunch, angel investor",,Boston,Quito,728,2184,923,144
@explore360,Jon Kiehnau,"Exploring agile commerce, lean startups, offline-online-mobile to help us become healthier, happier and more generous people.",http://t.co/D0qkcVNOpN,Seattle,Pacific Time (US & Canada),933,418,1046,25
@hershberg,Peter Hershberg,Watching the wheels,http://t.co/lRu3XPZEhb,Vermont,Eastern Time (US & Canada),2199,3362,179,226
@JesperBuch,Jesper Buch,"Angel Investor! Founder http://t.co/fM7foeSEb3 - Pizzalover, Young Global Leader and a proud father :)",http://t.co/7FqCZuj0kZ,"Marbella, Spain",Madrid,1201,4738,23,90
@_JeffMargolis,Jeff Margolis,Chairman & CEO of @Welltok | Author of ‘The Healthcare Cure’ | Healthcare IT visionary. I introduce new ways to think about #healthcare #OptimizedHealthCEO,http://t.co/AzFky4WcKI,"Newport Beach, CA ",Pacific Time (US & Canada),377,812,196,50
@naval,Naval Ravikant,Present,https://t.co/Ue8rjucWeg,"San Francisco, CA",Pacific Time (US & Canada),11601,138632,583,4080
@dbrianphelps,Dennis Phelps,I live every week like it's Shark Week.,,,,37,333,57,15
@adamdangelo,Adam D'Angelo,CEO of Quora,,"Palo Alto, CA",Pacific Time (US & Canada),561,36138,439,893
@sacca,Chris Sacca,In love with @crystale @CCEleven @CircaLuna & @centersacca. On @ABCSharkTank. Investor @Twitter @Uber @Instagram @kickstarter & others: http://t.co/nJWB60dIUL.,http://t.co/1kCMgFFZGy,Mountains and Oceans,Pacific Time (US & Canada),46968,1682562,1015,11767
@tiboel,Thibaud Elziere,Founder @efounders @fotolia,,,Paris,1307,2453,66,134
@eileentso,Eileen Burbidge,"Early-stage tech VC and recovering work- and tech- aholic. Online identity full circle: Eileen Tso, Eileen Broch, Eileen Burbidge",http://t.co/Q9CD4IjAjp,London,London,21107,61199,888,1627
@mattcutts,Matt Cutts,I'm the head of the webspam team at Google. (Currently on leave).,http://t.co/jy7N1nog89,"Bay Area, California",Pacific Time (US & Canada),28147,504054,623,17542
@cape,Saul Klein,Husband @danijk. Dad 3x. Founder @localglobevc @teamkano @seedcamp @lovefilm. Investor @indexventures. Operator @skype @microsoft @wpp @telegraph,https://t.co/PAKq01o91X,Internet,London,10931,51596,9477,1330
